"id","group","name","kind","context","libbot_line_start","libbot_line_end","direct_strings_json","direct_regexes_json"
"F001","bridge/bundler","__esm","ArrowFunctionExpression","","6","8","[]","[]"
"F002","bridge/bundler","__init","FunctionExpression","__esm","6","8","[]","[]"
"F003","bridge/bundler","__commonJS","ArrowFunctionExpression","","9","11","[]","[]"
"F004","bridge/bundler","__require","FunctionExpression","__commonJS","9","11","[]","[]"
"F005","bridge/bundler","frida-builtins:/node-globals.js","ObjectMethod","","15","16","[""frida-builtins:/node-globals.js""]","[]"
"F006","bridge/bundler","raise","FunctionDeclaration","","20","25","[""Il2CppError"",""\u001b[0m\u001b[38;5;9mil2cpp\u001b[0m"",""\u001b[3m\u001b[2m"",""\u001b[0m""]","[""/^(Il2Cpp)?Error/"",""/\\n    at (.+) \\((.+):(.+)\\)/""]"
"F007","bridge/bundler","warn","FunctionDeclaration","","26","28","[""\u001b[38;5;11mil2cpp\u001b[0m: ${message}""]","[]"
"F008","bridge/bundler","ok","FunctionDeclaration","","29","31","[""\u001b[38;5;10mil2cpp\u001b[0m: ${message}""]","[]"
"F009","bridge/bundler","inform","FunctionDeclaration","","32","34","[""\u001b[38;5;12mil2cpp\u001b[0m: ${message}""]","[]"
"F010","bridge/bundler","decorate","FunctionDeclaration","","35","41","[]","[]"
"F011","bridge/bundler","getter","FunctionDeclaration","","42","44","[]","[]"
"F012","bridge/bundler","cyrb53","FunctionDeclaration","","45","58","[]","[]"
"F013","bridge/bundler","exportsHash","FunctionDeclaration","","59","61","[""""]","[]"
"F014","bridge/bundler","module.enumerateExports().sort callback","ArrowFunctionExpression","exportsHash","60","60","[]","[]"
"F015","bridge/bundler","module.enumerateExports().sort((a,b)=>a.name.localeCompare(b.name)).map callback","ArrowFunctionExpression","exportsHash","60","60","[]","[]"
"F016","bridge/bundler","lazy","FunctionDeclaration","","62","78","[""@lazy can only be applied to getter accessors""]","[]"
"F017","bridge/bundler","descriptor.get","FunctionExpression","lazy","67","76","[]","[]"
"F018","bridge/bundler","addFlippedEntries","FunctionDeclaration","","79","81","[]","[]"
"F019","bridge/bundler","Object.keys(obj).reduce callback","ArrowFunctionExpression","addFlippedEntries","80","80","[]","[]"
"F020","bridge/bundler","readNativeIterator","FunctionDeclaration","","82","91","[]","[]"
"F021","bridge/bundler","readNativeList","FunctionDeclaration","","92","103","[]","[]"
"F022","bridge/bundler","recycle","FunctionDeclaration","","104","115","[]","[]"
"F023","bridge/bundler","construct","ObjectMethod","recycle","107","113","[]","[]"
"F024","bridge/bundler","node_modules/frida-il2cpp-bridge/dist/index.js","ObjectMethod","","118","3334","[""node_modules/frida-il2cpp-bridge/dist/index.js""]","[]"
"F025","bridge/bundler","__decorate","FunctionExpression","node_modules/frida-il2cpp-bridge/dist/index.js","121","126","[""object"",""function""]","[]"
"F026","bridge/bundler","IIFE(Il2Cpp3)","FunctionExpression","node_modules/frida-il2cpp-bridge/dist/index.js","127","213","[""unityVersion"",""unityVersionIsBelow201830"",""unityVersionIsBelow202120""]","[]"
"F027","bridge/bundler","dataPath","ObjectMethod:get","IIFE(Il2Cpp3)","143","145","[""get_persistentDataPath""]","[]"
"F028","bridge/bundler","identifier","ObjectMethod:get","IIFE(Il2Cpp3)","160","162","[""get_identifier"",""get_bundleIdentifier""]","[]"
"F029","bridge/bundler","version","ObjectMethod:get","IIFE(Il2Cpp3)","176","178","[""get_version""]","[]"
"F030","bridge/bundler","getter callback","ArrowFunctionExpression","IIFE(Il2Cpp3)","180","201","[""get_unityVersion"",""69 6c 32 63 70 70"",""r--"",""couldn't determine the Unity version, please specify it manually""]","[]"
"F031","bridge/bundler","getter callback","ArrowFunctionExpression","IIFE(Il2Cpp3)","202","204","[""2018.3.0""]","[]"
"F032","bridge/bundler","getter callback","ArrowFunctionExpression","IIFE(Il2Cpp3)","205","207","[""2021.2.0""]","[]"
"F033","bridge/bundler","unityEngineCall","FunctionDeclaration","IIFE(Il2Cpp3)","208","212","[""UnityEngine.Application::"",""pointer""]","[]"
"F034","bridge/bundler","IIFE(Il2Cpp3)","FunctionExpression","node_modules/frida-il2cpp-bridge/dist/index.js","214","235","[]","[]"
"F035","bridge/bundler","boxed","FunctionDeclaration","IIFE(Il2Cpp3)","215","233","[""System.SByte"",""System.Byte"",""System.Int16"",""System.UInt16"",""System.Int32"",""System.UInt32"",""System.Int64"",""System.UInt64"",""System.Char"",""System.IntPtr"",""System.UIntPtr"",""boolean"",""System.Boolean"",""number"",""int32"",""intptr"",""Cannot create boxed primitive using value of type '${typeof value}'"",""Unknown primitive type name '${type}'"",""m_value"",""_pointer"",""Could not find primitive field in class '${className}'""]","[]"
"F036","bridge/bundler","IIFE(Il2Cpp3)","FunctionExpression","node_modules/frida-il2cpp-bridge/dist/index.js","236","242","[]","[]"
"F037","bridge/bundler","IIFE(Il2Cpp3)","FunctionExpression","node_modules/frida-il2cpp-bridge/dist/index.js","243","295","[]","[]"
"F038","bridge/bundler","dump","FunctionDeclaration","IIFE(Il2Cpp3)","244","262","[""${Il2Cpp3.application.identifier}_${Il2Cpp3.application.version}.cs"",""${path}/${fileName}"",""w"",""dumping ${assembly.name}..."",""${klass}\n\n"",""dump saved to ${destination}""]","[]"
"F039","bridge/bundler","dumpTree","FunctionDeclaration","IIFE(Il2Cpp3)","264","284","[""${Il2Cpp3.application.dataPath??Process.getCurrentDir()}/${Il2Cpp3.application.identifier}_${Il2Cpp3.application.version}"",""directory ${path} already exists - pass ignoreAlreadyExistingDirectory = true to skip this check"",""dumping ${assembly.name}..."",""${path}/${assembly.name.replaceAll(\"".\"",\""/\"")}.cs"",""."",""/"",""w"",""${klass}\n\n"",""dump saved to ${path}""]","[]"
"F040","bridge/bundler","directoryExists","FunctionDeclaration","IIFE(Il2Cpp3)","286","288","[""System.IO.Directory"",""Exists""]","[]"
"F041","bridge/bundler","createDirectoryRecursively","FunctionDeclaration","IIFE(Il2Cpp3)","289","291","[""System.IO.Directory"",""CreateDirectory""]","[]"
"F042","bridge/bundler","showDeprecationNotice","FunctionDeclaration","IIFE(Il2Cpp3)","292","294","[""this api will be removed in a future release, please use `npx frida-il2cpp-bridge dump` instead""]","[]"
"F043","bridge/bundler","IIFE(Il2Cpp3)","FunctionExpression","node_modules/frida-il2cpp-bridge/dist/index.js","296","307","[]","[]"
"F044","bridge/bundler","installExceptionListener","FunctionDeclaration","IIFE(Il2Cpp3)","297","305","[""current"",""__cxa_throw""]","[]"
"F045","bridge/bundler","Interceptor.attach callback","FunctionExpression","Il2Cpp3.module.getExportByName(""__cxa_throw"")","299","304","[""current""]","[]"
"F046","bridge/bundler","IIFE(Il2Cpp3)","FunctionExpression","node_modules/frida-il2cpp-bridge/dist/index.js","308","699","[""memorySnapshotExports""]","[]"
"F047","bridge/bundler","alloc","ObjectMethod:get","IIFE(Il2Cpp3)","310","312","[""il2cpp_alloc"",""pointer"",""size_t""]","[]"
"F048","bridge/bundler","arrayGetLength","ObjectMethod:get","IIFE(Il2Cpp3)","313","315","[""il2cpp_array_length"",""uint32"",""pointer""]","[]"
"F049","bridge/bundler","arrayNew","ObjectMethod:get","IIFE(Il2Cpp3)","316","318","[""il2cpp_array_new"",""pointer"",""uint32""]","[]"
"F050","bridge/bundler","assemblyGetImage","ObjectMethod:get","IIFE(Il2Cpp3)","319","321","[""il2cpp_assembly_get_image"",""pointer""]","[]"
"F051","bridge/bundler","classForEach","ObjectMethod:get","IIFE(Il2Cpp3)","322","324","[""il2cpp_class_for_each"",""void"",""pointer""]","[]"
"F052","bridge/bundler","classFromName","ObjectMethod:get","IIFE(Il2Cpp3)","325","327","[""il2cpp_class_from_name"",""pointer""]","[]"
"F053","bridge/bundler","classFromObject","ObjectMethod:get","IIFE(Il2Cpp3)","328","330","[""il2cpp_class_from_system_type"",""pointer""]","[]"
"F054","bridge/bundler","classGetArrayClass","ObjectMethod:get","IIFE(Il2Cpp3)","331","333","[""il2cpp_array_class_get"",""pointer"",""uint32""]","[]"
"F055","bridge/bundler","classGetArrayElementSize","ObjectMethod:get","IIFE(Il2Cpp3)","334","336","[""il2cpp_class_array_element_size"",""int"",""pointer""]","[]"
"F056","bridge/bundler","classGetAssemblyName","ObjectMethod:get","IIFE(Il2Cpp3)","337","339","[""il2cpp_class_get_assemblyname"",""pointer""]","[]"
"F057","bridge/bundler","classGetBaseType","ObjectMethod:get","IIFE(Il2Cpp3)","340","342","[""il2cpp_class_enum_basetype"",""pointer""]","[]"
"F058","bridge/bundler","classGetDeclaringType","ObjectMethod:get","IIFE(Il2Cpp3)","343","345","[""il2cpp_class_get_declaring_type"",""pointer""]","[]"
"F059","bridge/bundler","classGetElementClass","ObjectMethod:get","IIFE(Il2Cpp3)","346","348","[""il2cpp_class_get_element_class"",""pointer""]","[]"
"F060","bridge/bundler","classGetFieldFromName","ObjectMethod:get","IIFE(Il2Cpp3)","349","351","[""il2cpp_class_get_field_from_name"",""pointer""]","[]"
"F061","bridge/bundler","classGetFields","ObjectMethod:get","IIFE(Il2Cpp3)","352","354","[""il2cpp_class_get_fields"",""pointer""]","[]"
"F062","bridge/bundler","classGetFlags","ObjectMethod:get","IIFE(Il2Cpp3)","355","357","[""il2cpp_class_get_flags"",""int"",""pointer""]","[]"
"F063","bridge/bundler","classGetImage","ObjectMethod:get","IIFE(Il2Cpp3)","358","360","[""il2cpp_class_get_image"",""pointer""]","[]"
"F064","bridge/bundler","classGetInstanceSize","ObjectMethod:get","IIFE(Il2Cpp3)","361","363","[""il2cpp_class_instance_size"",""int32"",""pointer""]","[]"
"F065","bridge/bundler","classGetInterfaces","ObjectMethod:get","IIFE(Il2Cpp3)","364","366","[""il2cpp_class_get_interfaces"",""pointer""]","[]"
"F066","bridge/bundler","classGetMethodFromName","ObjectMethod:get","IIFE(Il2Cpp3)","367","369","[""il2cpp_class_get_method_from_name"",""pointer"",""int""]","[]"
"F067","bridge/bundler","classGetMethods","ObjectMethod:get","IIFE(Il2Cpp3)","370","372","[""il2cpp_class_get_methods"",""pointer""]","[]"
"F068","bridge/bundler","classGetName","ObjectMethod:get","IIFE(Il2Cpp3)","373","375","[""il2cpp_class_get_name"",""pointer""]","[]"
"F069","bridge/bundler","classGetNamespace","ObjectMethod:get","IIFE(Il2Cpp3)","376","378","[""il2cpp_class_get_namespace"",""pointer""]","[]"
"F070","bridge/bundler","classGetNestedClasses","ObjectMethod:get","IIFE(Il2Cpp3)","379","381","[""il2cpp_class_get_nested_types"",""pointer""]","[]"
"F071","bridge/bundler","classGetParent","ObjectMethod:get","IIFE(Il2Cpp3)","382","384","[""il2cpp_class_get_parent"",""pointer""]","[]"
"F072","bridge/bundler","classGetStaticFieldData","ObjectMethod:get","IIFE(Il2Cpp3)","385","387","[""il2cpp_class_get_static_field_data"",""pointer""]","[]"
"F073","bridge/bundler","classGetValueTypeSize","ObjectMethod:get","IIFE(Il2Cpp3)","388","390","[""il2cpp_class_value_size"",""int32"",""pointer""]","[]"
"F074","bridge/bundler","classGetType","ObjectMethod:get","IIFE(Il2Cpp3)","391","393","[""il2cpp_class_get_type"",""pointer""]","[]"
"F075","bridge/bundler","classHasReferences","ObjectMethod:get","IIFE(Il2Cpp3)","394","396","[""il2cpp_class_has_references"",""bool"",""pointer""]","[]"
"F076","bridge/bundler","classInitialize","ObjectMethod:get","IIFE(Il2Cpp3)","397","399","[""il2cpp_runtime_class_init"",""void"",""pointer""]","[]"
"F077","bridge/bundler","classIsAbstract","ObjectMethod:get","IIFE(Il2Cpp3)","400","402","[""il2cpp_class_is_abstract"",""bool"",""pointer""]","[]"
"F078","bridge/bundler","classIsAssignableFrom","ObjectMethod:get","IIFE(Il2Cpp3)","403","405","[""il2cpp_class_is_assignable_from"",""bool"",""pointer""]","[]"
"F079","bridge/bundler","classIsBlittable","ObjectMethod:get","IIFE(Il2Cpp3)","406","408","[""il2cpp_class_is_blittable"",""bool"",""pointer""]","[]"
"F080","bridge/bundler","classIsEnum","ObjectMethod:get","IIFE(Il2Cpp3)","409","411","[""il2cpp_class_is_enum"",""bool"",""pointer""]","[]"
"F081","bridge/bundler","classIsGeneric","ObjectMethod:get","IIFE(Il2Cpp3)","412","414","[""il2cpp_class_is_generic"",""bool"",""pointer""]","[]"
"F082","bridge/bundler","classIsInflated","ObjectMethod:get","IIFE(Il2Cpp3)","415","417","[""il2cpp_class_is_inflated"",""bool"",""pointer""]","[]"
"F083","bridge/bundler","classIsInterface","ObjectMethod:get","IIFE(Il2Cpp3)","418","420","[""il2cpp_class_is_interface"",""bool"",""pointer""]","[]"
"F084","bridge/bundler","classIsSubclassOf","ObjectMethod:get","IIFE(Il2Cpp3)","421","423","[""il2cpp_class_is_subclass_of"",""bool"",""pointer""]","[]"
"F085","bridge/bundler","classIsValueType","ObjectMethod:get","IIFE(Il2Cpp3)","424","426","[""il2cpp_class_is_valuetype"",""bool"",""pointer""]","[]"
"F086","bridge/bundler","domainGetAssemblyFromName","ObjectMethod:get","IIFE(Il2Cpp3)","427","429","[""il2cpp_domain_assembly_open"",""pointer""]","[]"
"F087","bridge/bundler","domainGet","ObjectMethod:get","IIFE(Il2Cpp3)","430","432","[""il2cpp_domain_get"",""pointer""]","[]"
"F088","bridge/bundler","domainGetAssemblies","ObjectMethod:get","IIFE(Il2Cpp3)","433","435","[""il2cpp_domain_get_assemblies"",""pointer""]","[]"
"F089","bridge/bundler","fieldGetClass","ObjectMethod:get","IIFE(Il2Cpp3)","436","438","[""il2cpp_field_get_parent"",""pointer""]","[]"
"F090","bridge/bundler","fieldGetFlags","ObjectMethod:get","IIFE(Il2Cpp3)","439","441","[""il2cpp_field_get_flags"",""int"",""pointer""]","[]"
"F091","bridge/bundler","fieldGetName","ObjectMethod:get","IIFE(Il2Cpp3)","442","444","[""il2cpp_field_get_name"",""pointer""]","[]"
"F092","bridge/bundler","fieldGetOffset","ObjectMethod:get","IIFE(Il2Cpp3)","445","447","[""il2cpp_field_get_offset"",""int32"",""pointer""]","[]"
"F093","bridge/bundler","fieldGetStaticValue","ObjectMethod:get","IIFE(Il2Cpp3)","448","450","[""il2cpp_field_static_get_value"",""void"",""pointer""]","[]"
"F094","bridge/bundler","fieldGetType","ObjectMethod:get","IIFE(Il2Cpp3)","451","453","[""il2cpp_field_get_type"",""pointer""]","[]"
"F095","bridge/bundler","fieldSetStaticValue","ObjectMethod:get","IIFE(Il2Cpp3)","454","456","[""il2cpp_field_static_set_value"",""void"",""pointer""]","[]"
"F096","bridge/bundler","free","ObjectMethod:get","IIFE(Il2Cpp3)","457","459","[""il2cpp_free"",""void"",""pointer""]","[]"
"F097","bridge/bundler","gcCollect","ObjectMethod:get","IIFE(Il2Cpp3)","460","462","[""il2cpp_gc_collect"",""void"",""int""]","[]"
"F098","bridge/bundler","gcCollectALittle","ObjectMethod:get","IIFE(Il2Cpp3)","463","465","[""il2cpp_gc_collect_a_little"",""void""]","[]"
"F099","bridge/bundler","gcDisable","ObjectMethod:get","IIFE(Il2Cpp3)","466","468","[""il2cpp_gc_disable"",""void""]","[]"
"F100","bridge/bundler","gcEnable","ObjectMethod:get","IIFE(Il2Cpp3)","469","471","[""il2cpp_gc_enable"",""void""]","[]"
"F101","bridge/bundler","gcGetHeapSize","ObjectMethod:get","IIFE(Il2Cpp3)","472","474","[""il2cpp_gc_get_heap_size"",""int64""]","[]"
"F102","bridge/bundler","gcGetMaxTimeSlice","ObjectMethod:get","IIFE(Il2Cpp3)","475","477","[""il2cpp_gc_get_max_time_slice_ns"",""int64""]","[]"
"F103","bridge/bundler","gcGetUsedSize","ObjectMethod:get","IIFE(Il2Cpp3)","478","480","[""il2cpp_gc_get_used_size"",""int64""]","[]"
"F104","bridge/bundler","gcHandleGetTarget","ObjectMethod:get","IIFE(Il2Cpp3)","481","483","[""il2cpp_gchandle_get_target"",""pointer"",""uint32""]","[]"
"F105","bridge/bundler","gcHandleFree","ObjectMethod:get","IIFE(Il2Cpp3)","484","486","[""il2cpp_gchandle_free"",""void"",""uint32""]","[]"
"F106","bridge/bundler","gcHandleNew","ObjectMethod:get","IIFE(Il2Cpp3)","487","489","[""il2cpp_gchandle_new"",""uint32"",""pointer"",""bool""]","[]"
"F107","bridge/bundler","gcHandleNewWeakRef","ObjectMethod:get","IIFE(Il2Cpp3)","490","492","[""il2cpp_gchandle_new_weakref"",""uint32"",""pointer"",""bool""]","[]"
"F108","bridge/bundler","gcIsDisabled","ObjectMethod:get","IIFE(Il2Cpp3)","493","495","[""il2cpp_gc_is_disabled"",""bool""]","[]"
"F109","bridge/bundler","gcIsIncremental","ObjectMethod:get","IIFE(Il2Cpp3)","496","498","[""il2cpp_gc_is_incremental"",""bool""]","[]"
"F110","bridge/bundler","gcSetMaxTimeSlice","ObjectMethod:get","IIFE(Il2Cpp3)","499","501","[""il2cpp_gc_set_max_time_slice_ns"",""void"",""int64""]","[]"
"F111","bridge/bundler","gcStartIncrementalCollection","ObjectMethod:get","IIFE(Il2Cpp3)","502","504","[""il2cpp_gc_start_incremental_collection"",""void""]","[]"
"F112","bridge/bundler","gcStartWorld","ObjectMethod:get","IIFE(Il2Cpp3)","505","507","[""il2cpp_start_gc_world"",""void""]","[]"
"F113","bridge/bundler","gcStopWorld","ObjectMethod:get","IIFE(Il2Cpp3)","508","510","[""il2cpp_stop_gc_world"",""void""]","[]"
"F114","bridge/bundler","getCorlib","ObjectMethod:get","IIFE(Il2Cpp3)","511","513","[""il2cpp_get_corlib"",""pointer""]","[]"
"F115","bridge/bundler","imageGetAssembly","ObjectMethod:get","IIFE(Il2Cpp3)","514","516","[""il2cpp_image_get_assembly"",""pointer""]","[]"
"F116","bridge/bundler","imageGetClass","ObjectMethod:get","IIFE(Il2Cpp3)","517","519","[""il2cpp_image_get_class"",""pointer"",""uint""]","[]"
"F117","bridge/bundler","imageGetClassCount","ObjectMethod:get","IIFE(Il2Cpp3)","520","522","[""il2cpp_image_get_class_count"",""uint32"",""pointer""]","[]"
"F118","bridge/bundler","imageGetName","ObjectMethod:get","IIFE(Il2Cpp3)","523","525","[""il2cpp_image_get_name"",""pointer""]","[]"
"F119","bridge/bundler","initialize","ObjectMethod:get","IIFE(Il2Cpp3)","526","528","[""il2cpp_init"",""void"",""pointer""]","[]"
"F120","bridge/bundler","livenessAllocateStruct","ObjectMethod:get","IIFE(Il2Cpp3)","529","531","[""il2cpp_unity_liveness_allocate_struct"",""pointer"",""int""]","[]"
"F121","bridge/bundler","livenessCalculationBegin","ObjectMethod:get","IIFE(Il2Cpp3)","532","534","[""il2cpp_unity_liveness_calculation_begin"",""pointer"",""int""]","[]"
"F122","bridge/bundler","livenessCalculationEnd","ObjectMethod:get","IIFE(Il2Cpp3)","535","537","[""il2cpp_unity_liveness_calculation_end"",""void"",""pointer""]","[]"
"F123","bridge/bundler","livenessCalculationFromStatics","ObjectMethod:get","IIFE(Il2Cpp3)","538","540","[""il2cpp_unity_liveness_calculation_from_statics"",""void"",""pointer""]","[]"
"F124","bridge/bundler","livenessFinalize","ObjectMethod:get","IIFE(Il2Cpp3)","541","543","[""il2cpp_unity_liveness_finalize"",""void"",""pointer""]","[]"
"F125","bridge/bundler","livenessFreeStruct","ObjectMethod:get","IIFE(Il2Cpp3)","544","546","[""il2cpp_unity_liveness_free_struct"",""void"",""pointer""]","[]"
"F126","bridge/bundler","memorySnapshotCapture","ObjectMethod:get","IIFE(Il2Cpp3)","547","549","[""il2cpp_capture_memory_snapshot"",""pointer""]","[]"
"F127","bridge/bundler","memorySnapshotFree","ObjectMethod:get","IIFE(Il2Cpp3)","550","552","[""il2cpp_free_captured_memory_snapshot"",""void"",""pointer""]","[]"
"F128","bridge/bundler","memorySnapshotGetClasses","ObjectMethod:get","IIFE(Il2Cpp3)","553","555","[""il2cpp_memory_snapshot_get_classes"",""pointer""]","[]"
"F129","bridge/bundler","memorySnapshotGetObjects","ObjectMethod:get","IIFE(Il2Cpp3)","556","558","[""il2cpp_memory_snapshot_get_objects"",""pointer""]","[]"
"F130","bridge/bundler","methodGetClass","ObjectMethod:get","IIFE(Il2Cpp3)","559","561","[""il2cpp_method_get_class"",""pointer""]","[]"
"F131","bridge/bundler","methodGetFlags","ObjectMethod:get","IIFE(Il2Cpp3)","562","564","[""il2cpp_method_get_flags"",""uint32"",""pointer""]","[]"
"F132","bridge/bundler","methodGetName","ObjectMethod:get","IIFE(Il2Cpp3)","565","567","[""il2cpp_method_get_name"",""pointer""]","[]"
"F133","bridge/bundler","methodGetObject","ObjectMethod:get","IIFE(Il2Cpp3)","568","570","[""il2cpp_method_get_object"",""pointer""]","[]"
"F134","bridge/bundler","methodGetParameterCount","ObjectMethod:get","IIFE(Il2Cpp3)","571","573","[""il2cpp_method_get_param_count"",""uint8"",""pointer""]","[]"
"F135","bridge/bundler","methodGetParameterName","ObjectMethod:get","IIFE(Il2Cpp3)","574","576","[""il2cpp_method_get_param_name"",""pointer"",""uint32""]","[]"
"F136","bridge/bundler","methodGetParameters","ObjectMethod:get","IIFE(Il2Cpp3)","577","579","[""il2cpp_method_get_parameters"",""pointer""]","[]"
"F137","bridge/bundler","methodGetParameterType","ObjectMethod:get","IIFE(Il2Cpp3)","580","582","[""il2cpp_method_get_param"",""pointer"",""uint32""]","[]"
"F138","bridge/bundler","methodGetReturnType","ObjectMethod:get","IIFE(Il2Cpp3)","583","585","[""il2cpp_method_get_return_type"",""pointer""]","[]"
"F139","bridge/bundler","methodIsGeneric","ObjectMethod:get","IIFE(Il2Cpp3)","586","588","[""il2cpp_method_is_generic"",""bool"",""pointer""]","[]"
"F140","bridge/bundler","methodIsInflated","ObjectMethod:get","IIFE(Il2Cpp3)","589","591","[""il2cpp_method_is_inflated"",""bool"",""pointer""]","[]"
"F141","bridge/bundler","methodIsInstance","ObjectMethod:get","IIFE(Il2Cpp3)","592","594","[""il2cpp_method_is_instance"",""bool"",""pointer""]","[]"
"F142","bridge/bundler","monitorEnter","ObjectMethod:get","IIFE(Il2Cpp3)","595","597","[""il2cpp_monitor_enter"",""void"",""pointer""]","[]"
"F143","bridge/bundler","monitorExit","ObjectMethod:get","IIFE(Il2Cpp3)","598","600","[""il2cpp_monitor_exit"",""void"",""pointer""]","[]"
"F144","bridge/bundler","monitorPulse","ObjectMethod:get","IIFE(Il2Cpp3)","601","603","[""il2cpp_monitor_pulse"",""void"",""pointer""]","[]"
"F145","bridge/bundler","monitorPulseAll","ObjectMethod:get","IIFE(Il2Cpp3)","604","606","[""il2cpp_monitor_pulse_all"",""void"",""pointer""]","[]"
"F146","bridge/bundler","monitorTryEnter","ObjectMethod:get","IIFE(Il2Cpp3)","607","609","[""il2cpp_monitor_try_enter"",""bool"",""pointer"",""uint32""]","[]"
"F147","bridge/bundler","monitorTryWait","ObjectMethod:get","IIFE(Il2Cpp3)","610","612","[""il2cpp_monitor_try_wait"",""bool"",""pointer"",""uint32""]","[]"
"F148","bridge/bundler","monitorWait","ObjectMethod:get","IIFE(Il2Cpp3)","613","615","[""il2cpp_monitor_wait"",""void"",""pointer""]","[]"
"F149","bridge/bundler","objectGetClass","ObjectMethod:get","IIFE(Il2Cpp3)","616","618","[""il2cpp_object_get_class"",""pointer""]","[]"
"F150","bridge/bundler","objectGetVirtualMethod","ObjectMethod:get","IIFE(Il2Cpp3)","619","621","[""il2cpp_object_get_virtual_method"",""pointer""]","[]"
"F151","bridge/bundler","objectInitialize","ObjectMethod:get","IIFE(Il2Cpp3)","622","624","[""il2cpp_runtime_object_init_exception"",""void"",""pointer""]","[]"
"F152","bridge/bundler","objectNew","ObjectMethod:get","IIFE(Il2Cpp3)","625","627","[""il2cpp_object_new"",""pointer""]","[]"
"F153","bridge/bundler","objectGetSize","ObjectMethod:get","IIFE(Il2Cpp3)","628","630","[""il2cpp_object_get_size"",""uint32"",""pointer""]","[]"
"F154","bridge/bundler","objectUnbox","ObjectMethod:get","IIFE(Il2Cpp3)","631","633","[""il2cpp_object_unbox"",""pointer""]","[]"
"F155","bridge/bundler","resolveInternalCall","ObjectMethod:get","IIFE(Il2Cpp3)","634","636","[""il2cpp_resolve_icall"",""pointer""]","[]"
"F156","bridge/bundler","stringGetChars","ObjectMethod:get","IIFE(Il2Cpp3)","637","639","[""il2cpp_string_chars"",""pointer""]","[]"
"F157","bridge/bundler","stringGetLength","ObjectMethod:get","IIFE(Il2Cpp3)","640","642","[""il2cpp_string_length"",""int32"",""pointer""]","[]"
"F158","bridge/bundler","stringNew","ObjectMethod:get","IIFE(Il2Cpp3)","643","645","[""il2cpp_string_new"",""pointer""]","[]"
"F159","bridge/bundler","valueTypeBox","ObjectMethod:get","IIFE(Il2Cpp3)","646","648","[""il2cpp_value_box"",""pointer""]","[]"
"F160","bridge/bundler","threadAttach","ObjectMethod:get","IIFE(Il2Cpp3)","649","651","[""il2cpp_thread_attach"",""pointer""]","[]"
"F161","bridge/bundler","threadDetach","ObjectMethod:get","IIFE(Il2Cpp3)","652","654","[""il2cpp_thread_detach"",""void"",""pointer""]","[]"
"F162","bridge/bundler","threadGetAttachedThreads","ObjectMethod:get","IIFE(Il2Cpp3)","655","657","[""il2cpp_thread_get_all_attached_threads"",""pointer""]","[]"
"F163","bridge/bundler","threadGetCurrent","ObjectMethod:get","IIFE(Il2Cpp3)","658","660","[""il2cpp_thread_current"",""pointer""]","[]"
"F164","bridge/bundler","threadIsVm","ObjectMethod:get","IIFE(Il2Cpp3)","661","663","[""il2cpp_is_vm_thread"",""bool"",""pointer""]","[]"
"F165","bridge/bundler","typeEquals","ObjectMethod:get","IIFE(Il2Cpp3)","664","666","[""il2cpp_type_equals"",""bool"",""pointer""]","[]"
"F166","bridge/bundler","typeGetClass","ObjectMethod:get","IIFE(Il2Cpp3)","667","669","[""il2cpp_class_from_type"",""pointer""]","[]"
"F167","bridge/bundler","typeGetName","ObjectMethod:get","IIFE(Il2Cpp3)","670","672","[""il2cpp_type_get_name"",""pointer""]","[]"
"F168","bridge/bundler","typeGetObject","ObjectMethod:get","IIFE(Il2Cpp3)","673","675","[""il2cpp_type_get_object"",""pointer""]","[]"
"F169","bridge/bundler","typeGetTypeEnum","ObjectMethod:get","IIFE(Il2Cpp3)","676","678","[""il2cpp_type_get_type"",""int"",""pointer""]","[]"
"F170","bridge/bundler","getter callback","ArrowFunctionExpression","IIFE(Il2Cpp3)","681","681","[""#include <stdint.h>\n#include <string.h>\n\ntypedef struct Il2CppManagedMemorySnapshot Il2CppManagedMemorySnapshot;\ntypedef struct Il2CppMetadataType Il2CppMetadataType;\n\nstruct Il2CppManagedMemorySnapshot\n{\n  struct Il2CppManagedHeap\n  {\n    uint32_t section_count;\n    void * sections;\n  } heap;\n  struct Il2CppStacks\n  {\n    uint32_t stack_count;\n    void * stacks;\n  } stacks;\n  struct Il2CppMetadataSnapshot\n  {\n    uint32_t type_count;\n    Il2CppMetadataType * types;\n  } metadata_snapshot;\n  struct Il2CppGCHandles\n  {\n    uint32_t tracked_object_count;\n    void ** pointers_to_objects;\n  } gc_handles;\n  struct Il2CppRuntimeInformation\n  {\n    uint32_t pointer_size;\n    uint32_t object_header_size;\n    uint32_t array_header_size;\n    uint32_t array_bounds_offset_in_header;\n    uint32_t array_size_offset_in_header;\n    uint32_t allocation_granularity;\n  } runtime_information;\n  void * additional_user_information;\n};\n\nstruct Il2CppMetadataType\n{\n  uint32_t flags;\n  void * fields;\n  uint32_t field_count;\n  uint32_t statics_size;\n  uint8_t * statics;\n  uint32_t base_or_element_type_index;\n  char * name;\n  const char * assembly_name;\n  uint64_t type_info_address;\n  uint32_t size;\n};\n\nuintptr_t\nil2cpp_memory_snapshot_get_classes (\n    const Il2CppManagedMemorySnapshot * snapshot, Il2CppMetadataType ** iter)\n{\n  const int zero = 0;\n  const void * null = 0;\n\n  if (iter != NULL && snapshot->metadata_snapshot.type_count > zero)\n  {\n    if (*iter == null)\n    {\n      *iter = snapshot->metadata_snapshot.types;\n      return (uintptr_t) (*iter)->type_info_address;\n    }\n    else\n    {\n      Il2CppMetadataType * metadata_type = *iter + 1;\n\n      if (metadata_type < snapshot->metadata_snapshot.types +\n                              snapshot->metadata_snapshot.type_count)\n      {\n        *iter = metadata_type;\n        return (uintptr_t) (*iter)->type_info_address;\n      }\n    }\n  }\n  return 0;\n}\n\nvoid **\nil2cpp_memory_snapshot_get_objects (\n    const Il2CppManagedMemorySnapshot * snapshot, uint32_t * size)\n{\n  *size = snapshot->gc_handles.tracked_object_count;\n  return snapshot->gc_handles.pointers_to_objects;\n}\n""]","[]"
"F171","bridge/bundler","r","FunctionDeclaration","IIFE(Il2Cpp3)","682","698","[]","[]"
"F172","bridge/bundler","get","ObjectMethod","r","686","689","[""function""]","[]"
"F173","bridge/bundler","apply","ObjectMethod","r","690","696","[""couldn't resolve export ${exportName}"",""export ${exportName} points to NULL IL2CPP library has likely been stripped, obfuscated, or customized""]","[]"
"F174","bridge/bundler","IIFE(Il2Cpp3)","FunctionExpression","node_modules/frida-il2cpp-bridge/dist/index.js","700","721","[]","[]"
"F175","bridge/bundler","is","FunctionDeclaration","IIFE(Il2Cpp3)","701","709","[]","[]"
"F176","bridge/bundler","(anonymous)","ArrowFunctionExpression","is","702","708","[]","[]"
"F177","bridge/bundler","isExactly","FunctionDeclaration","IIFE(Il2Cpp3)","711","719","[]","[]"
"F178","bridge/bundler","(anonymous)","ArrowFunctionExpression","isExactly","712","718","[]","[]"
"F179","bridge/bundler","IIFE(Il2Cpp3)","FunctionExpression","node_modules/frida-il2cpp-bridge/dist/index.js","722","838","[]","[]"
"F180","bridge/bundler","heapSize","ObjectMethod:get","IIFE(Il2Cpp3)","727","729","[]","[]"
"F181","bridge/bundler","isEnabled","ObjectMethod:get","IIFE(Il2Cpp3)","733","735","[]","[]"
"F182","bridge/bundler","isIncremental","ObjectMethod:get","IIFE(Il2Cpp3)","740","742","[]","[]"
"F183","bridge/bundler","maxTimeSlice","ObjectMethod:get","IIFE(Il2Cpp3)","747","749","[]","[]"
"F184","bridge/bundler","usedHeapSize","ObjectMethod:get","IIFE(Il2Cpp3)","753","755","[]","[]"
"F185","bridge/bundler","isEnabled","ObjectMethod:set","IIFE(Il2Cpp3)","759","761","[]","[]"
"F186","bridge/bundler","maxTimeSlice","ObjectMethod:set","IIFE(Il2Cpp3)","766","768","[]","[]"
"F187","bridge/bundler","choose","ObjectMethod","IIFE(Il2Cpp3)","773","805","[""void"",""pointer"",""int"",""size_t""]","[]"
"F188","bridge/bundler","callback","ArrowFunctionExpression","choose","775","779","[]","[]"
"F189","bridge/bundler","NativeCallback callback","ArrowFunctionExpression","choose","782","783","[]","[]"
"F190","bridge/bundler","realloc","ArrowFunctionExpression","choose","788","795","[]","[]"
"F191","bridge/bundler","collect","ObjectMethod","IIFE(Il2Cpp3)","809","811","[]","[]"
"F192","bridge/bundler","collectALittle","ObjectMethod","IIFE(Il2Cpp3)","815","817","[]","[]"
"F193","bridge/bundler","startWorld","ObjectMethod","IIFE(Il2Cpp3)","821","823","[]","[]"
"F194","bridge/bundler","startIncrementalCollection","ObjectMethod","IIFE(Il2Cpp3)","827","829","[]","[]"
"F195","bridge/bundler","stopWorld","ObjectMethod","IIFE(Il2Cpp3)","834","836","[]","[]"
"F196","bridge/bundler","IIFE(Android2)","FunctionExpression","node_modules/frida-il2cpp-bridge/dist/index.js","839","853","[""apiLevel""]","[]"
"F197","bridge/bundler","getter callback","ArrowFunctionExpression","IIFE(Android2)","840","843","[""ro.build.version.sdk""]","[]"
"F198","bridge/bundler","getProperty","FunctionDeclaration","IIFE(Android2)","844","852","[""libc.so"",""__system_property_get"",""void"",""pointer""]","[]"
"F199","bridge/bundler","constructor","ClassMethod:constructor","node_modules/frida-il2cpp-bridge/dist/index.js","856","862","[]","[]"
"F200","bridge/bundler","equals","ClassMethod","node_modules/frida-il2cpp-bridge/dist/index.js","863","865","[]","[]"
"F201","bridge/bundler","isNull","ClassMethod","node_modules/frida-il2cpp-bridge/dist/index.js","866","868","[]","[]"
"F202","bridge/bundler","asNullable","ClassMethod","node_modules/frida-il2cpp-bridge/dist/index.js","869","871","[]","[]"
"F203","bridge/bundler","NativePointer.prototype.offsetOf","FunctionExpression","node_modules/frida-il2cpp-bridge/dist/index.js","873","881","[]","[]"
"F204","bridge/bundler","IIFE(UnityVersion2)","FunctionExpression","node_modules/frida-il2cpp-bridge/dist/index.js","882","909","[]","[""/(6\\d{3}|20\\d{2}|\\d)\\.(\\d)\\.(\\d{1,2})(?:[abcfp]|rc){0,2}\\d?/""]"
"F205","bridge/bundler","find","FunctionDeclaration","IIFE(UnityVersion2)","884","886","[]","[]"
"F206","bridge/bundler","gte","FunctionDeclaration","IIFE(UnityVersion2)","888","890","[]","[]"
"F207","bridge/bundler","lt","FunctionDeclaration","IIFE(UnityVersion2)","892","894","[]","[]"
"F208","bridge/bundler","compare","FunctionDeclaration","IIFE(UnityVersion2)","896","908","[]","[]"
"F209","bridge/bundler","IIFE(Il2Cpp3)","FunctionExpression","node_modules/frida-il2cpp-bridge/dist/index.js","910","1061","[]","[]"
"F210","bridge/bundler","alloc","FunctionDeclaration","IIFE(Il2Cpp3)","911","913","[]","[]"
"F211","bridge/bundler","free","FunctionDeclaration","IIFE(Il2Cpp3)","915","917","[]","[]"
"F212","bridge/bundler","read","FunctionDeclaration","IIFE(Il2Cpp3)","919","964","[""couldn't read the value from ${pointer} using an unhandled or unknown type ${type.name} (${type.enumValue}), please file an issue""]","[]"
"F213","bridge/bundler","write","FunctionDeclaration","IIFE(Il2Cpp3)","966","1007","[""couldn't write value ${value} to ${pointer} using an unhandled or unknown type ${type.name} (${type.enumValue}), please file an issue""]","[]"
"F214","bridge/bundler","fromFridaValue","FunctionDeclaration","IIFE(Il2Cpp3)","1009","1044","[]","[]"
"F215","bridge/bundler","type.class.fields.filter callback","ArrowFunctionExpression","fromFridaValue","1012","1012","[]","[]"
"F216","bridge/bundler","toFridaValue","FunctionDeclaration","IIFE(Il2Cpp3)","1046","1059","[""boolean"",""value__""]","[]"
"F217","bridge/bundler","value.type.class.fields.filter callback","ArrowFunctionExpression","toFridaValue","1053","1053","[]","[]"
"F218","bridge/bundler","value.type.class.fields.filter(_2=>!_2.isStatic).map callback","ArrowFunctionExpression","toFridaValue","1053","1053","[]","[]"
"F219","bridge/bundler","IIFE(Il2Cpp3)","FunctionExpression","node_modules/frida-il2cpp-bridge/dist/index.js","1062","1126","[""module""]","[]"
"F220","bridge/bundler","getter callback","ArrowFunctionExpression","IIFE(Il2Cpp3)","1063","1065","[""Could not find IL2CPP module""]","[]"
"F221","bridge/bundler","initialize","FunctionDeclaration","IIFE(Il2Cpp3)","1066","1106","[""module""]","[]"
"F222","bridge/bundler","Promise callback","ArrowFunctionExpression","initialize","1067","1083","[]","[]"
"F223","bridge/bundler","setTimeout callback","ArrowFunctionExpression","Promise callback","1069","1071","[""after 10 seconds, IL2CPP module '${moduleName}' has not been loaded yet, is the app running?""]","[]"
"F224","bridge/bundler","onAdded","ObjectMethod","Promise callback","1073","1081","[]","[]"
"F225","bridge/bundler","setImmediate callback","ArrowFunctionExpression","onAdded","1076","1079","[]","[]"
"F226","bridge/bundler","Promise callback","ArrowFunctionExpression","initialize","1086","1103","[]","[]"
"F227","bridge/bundler","setTimeout callback","ArrowFunctionExpression","Promise callback","1087","1093","[""resuming execution despite IL2CPP initialization not being captured in time, please open an issue as this is suboptimal""]","[]"
"F228","bridge/bundler","onEnter","ObjectMethod","Il2Cpp3.exports.initialize","1095","1097","[]","[]"
"F229","bridge/bundler","onLeave","ObjectMethod","Il2Cpp3.exports.initialize","1098","1101","[]","[]"
"F230","bridge/bundler","setImmediate callback","ArrowFunctionExpression","Il2Cpp3.exports.initialize","1100","1100","[]","[]"
"F231","bridge/bundler","tryModule","FunctionDeclaration","IIFE(Il2Cpp3)","1108","1111","[""darwin"",""il2cpp_init""]","[]"
"F232","bridge/bundler","getExpectedModuleNames","FunctionDeclaration","IIFE(Il2Cpp3)","1112","1125","[""linux"",""libil2cpp.so"",""GameAssembly.so"",""windows"",""GameAssembly.dll"",""darwin"",""UnityFramework"",""GameAssembly.dylib"",""${Process.platform} is not supported yet""]","[]"
"F233","bridge/bundler","IIFE(Il2Cpp3)","FunctionExpression","node_modules/frida-il2cpp-bridge/dist/index.js","1127","1142","[]","[]"
"F234","bridge/bundler","nullable","FunctionDeclaration","IIFE(Il2Cpp3)","1128","1140","[""boolean"",""System.Boolean"",""number"",""System.Int32"",""System.Int64"",""System.UInt64"",""System.IntPtr"",""A class must be specified when constructing a nullable for value '${valueOrNull}'"",""Cannot create nullable value type out of a reference type '${actualClass.type.name}'"",""System.Nullable`1"",""hasValue"",""has_value"",""value""]","[]"
"F235","bridge/bundler","IIFE(Il2Cpp3)","FunctionExpression","node_modules/frida-il2cpp-bridge/dist/index.js","1143","1171","[]","[]"
"F236","bridge/bundler","perform","FunctionDeclaration","IIFE(Il2Cpp3)","1144","1169","[""bind"",""main"",""free""]","[]"
"F237","bridge/bundler","perform callback","ArrowFunctionExpression","perform","1149","1149","[]","[]"
"F238","bridge/bundler","Script.bindWeak callback","ArrowFunctionExpression","perform","1155","1155","[]","[]"
"F239","bridge/bundler","Script.nextTick callback","ArrowFunctionExpression","perform","1160","1162","[]","[]"
"F240","bridge/bundler","IIFE(Il2Cpp3)","FunctionExpression","node_modules/frida-il2cpp-bridge/dist/index.js","1172","1447","[]","[]"
"F241","bridge/bundler","flush","ArrowFunctionExpression","IIFE(Il2Cpp3)","1179","1195","[""\n${this.#state.buffer.join(\""\\n\"")}\n"",""\n""]","[]"
"F242","bridge/bundler","constructor","ClassMethod:constructor","IIFE(Il2Cpp3)","1221","1223","[]","[]"
"F243","bridge/bundler","thread","ClassMethod","IIFE(Il2Cpp3)","1225","1228","[]","[]"
"F244","bridge/bundler","verbose","ClassMethod","IIFE(Il2Cpp3)","1230","1233","[]","[]"
"F245","bridge/bundler","domain","ClassMethod","IIFE(Il2Cpp3)","1235","1238","[]","[]"
"F246","bridge/bundler","assemblies","ClassMethod","IIFE(Il2Cpp3)","1240","1243","[]","[]"
"F247","bridge/bundler","classes","ClassMethod","IIFE(Il2Cpp3)","1245","1248","[]","[]"
"F248","bridge/bundler","methods","ClassMethod","IIFE(Il2Cpp3)","1250","1253","[]","[]"
"F249","bridge/bundler","filterAssemblies","ClassMethod","IIFE(Il2Cpp3)","1255","1258","[]","[]"
"F250","bridge/bundler","filterClasses","ClassMethod","IIFE(Il2Cpp3)","1260","1263","[]","[]"
"F251","bridge/bundler","filterMethods","ClassMethod","IIFE(Il2Cpp3)","1265","1268","[]","[]"
"F252","bridge/bundler","filterParameters","ClassMethod","IIFE(Il2Cpp3)","1270","1273","[]","[]"
"F253","bridge/bundler","and","ClassMethod","IIFE(Il2Cpp3)","1275","1345","[]","[]"
"F254","bridge/bundler","filterMethod","ArrowFunctionExpression","and","1276","1287","[]","[]"
"F255","bridge/bundler","filterMethods","ArrowFunctionExpression","and","1288","1292","[]","[]"
"F256","bridge/bundler","filterClass","ArrowFunctionExpression","and","1293","1303","[]","[]"
"F257","bridge/bundler","filterClasses","ArrowFunctionExpression","and","1304","1308","[]","[]"
"F258","bridge/bundler","filterAssembly","ArrowFunctionExpression","and","1309","1319","[]","[]"
"F259","bridge/bundler","filterAssemblies","ArrowFunctionExpression","and","1320","1324","[]","[]"
"F260","bridge/bundler","filterDomain","ArrowFunctionExpression","and","1325","1335","[]","[]"
"F261","bridge/bundler","attach","ClassMethod","IIFE(Il2Cpp3)","1347","1363","[""already replaced this function""]","[""/unable to intercept function at \\w+; please file a bug/""]"
"F262","bridge/bundler","trace","FunctionDeclaration","IIFE(Il2Cpp3)","1366","1404","[]","[]"
"F263","bridge/bundler","applier","ArrowFunctionExpression","trace","1367","1382","[]","[]"
"F264","bridge/bundler","(anonymous)","ArrowFunctionExpression","applier","1367","1382","[""0""]","[]"
"F265","bridge/bundler","onEnter","ObjectMethod","method","1370","1374","[""\u001b[2m0x${paddedVirtualAddress}\u001b[0m ${`\\u2502 `.repeat(state.depth++)}┌─\u001b[35m${method.class.type.name}::\u001b[1m${method.name}\u001b[0m\u001b[0m"",""│ ""]","[]"
"F266","bridge/bundler","onLeave","ObjectMethod","method","1375","1380","[""\u001b[2m0x${paddedVirtualAddress}\u001b[0m ${`\\u2502 `.repeat(--state.depth)}└─\u001b[33m${method.class.type.name}::\u001b[1m${method.name}\u001b[0m\u001b[0m"",""│ ""]","[]"
"F267","bridge/bundler","applierWithParameters","ArrowFunctionExpression","trace","1383","1402","[]","[]"
"F268","bridge/bundler","(anonymous)","ArrowFunctionExpression","applierWithParameters","1383","1402","[""0""]","[]"
"F269","bridge/bundler","callback","FunctionExpression","(anonymous)","1386","1398","[""this"",""\u001b[2m0x${paddedVirtualAddress}\u001b[0m ${`\\u2502 `.repeat(state.depth++)}┌─\u001b[35m${method.class.type.name}::\u001b[1m${method.name}\u001b[0m\u001b[0m(${parameters2.map(e=>`\\x1B[32m${e.name}\\x1B[0m = \\x1B[31m${Il2Cpp3.fromFridaValue(args[e.position+startIndex],e.type)}\\x1B[0m`).join(\"", \"")})"",""│ "","", "",""\u001b[2m0x${paddedVirtualAddress}\u001b[0m ${`\\u2502 `.repeat(--state.depth)}└─\u001b[33m${method.class.type.name}::\u001b[1m${method.name}\u001b[0m\u001b[0m${returnValue==void 0?\""\"":` = \\x1B[36m${Il2Cpp3.fromFridaValue(returnValue,method.returnType)}`}\u001b[0m"","""","" = \u001b[36m${Il2Cpp3.fromFridaValue(returnValue,method.returnType)}""]","[]"
"F270","bridge/bundler","parameters2.map callback","ArrowFunctionExpression","callback","1390","1390","[""\u001b[32m${e.name}\u001b[0m = \u001b[31m${Il2Cpp3.fromFridaValue(args[e.position+startIndex],e.type)}\u001b[0m""]","[]"
"F271","bridge/bundler","backtrace","FunctionDeclaration","IIFE(Il2Cpp3)","1406","1445","[]","[]"
"F272","bridge/bundler","Il2Cpp3.domain.assemblies.flatMap callback","ArrowFunctionExpression","backtrace","1407","1407","[]","[]"
"F273","bridge/bundler","_.image.classes.flatMap callback","ArrowFunctionExpression","Il2Cpp3.domain.assemblies.flatMap callback","1407","1407","[]","[]"
"F274","bridge/bundler","_2.methods.filter callback","ArrowFunctionExpression","_.image.classes.flatMap callback","1407","1407","[]","[]"
"F275","bridge/bundler","Il2Cpp3.domain.assemblies.flatMap(_=>_.image.classes.flatMap(_2=>_2.methods.filter(_3=>!_3.virtualAddress.isNull()))).sort callback","ArrowFunctionExpression","backtrace","1407","1407","[]","[]"
"F276","bridge/bundler","searchInsert","ArrowFunctionExpression","backtrace","1408","1423","[]","[]"
"F277","bridge/bundler","applier","ArrowFunctionExpression","backtrace","1424","1443","[]","[]"
"F278","bridge/bundler","(anonymous)","ArrowFunctionExpression","applier","1424","1443","[]","[]"
"F279","bridge/bundler","Interceptor.attach callback","FunctionExpression","method","1425","1442","[""\u001b[2m0x${method2.relativeVirtualAddress.toString(16).padStart(8,\""0\"")}\u001b[0m\u001b[2m+0x${offset.toString(16).padStart(3,`0`)}\u001b[0m ${method2.class.type.name}::\u001b[1m${method2.name}\u001b[0m"",""0""]","[]"
"F280","bridge/bundler","IIFE(Il2Cpp3)","FunctionExpression","node_modules/frida-il2cpp-bridge/dist/index.js","1448","1529","[""elementSize"",""elementType"",""length"",""object"",""headerSize""]","[]"
"F281","bridge/bundler","headerSize","ClassMethod:get","IIFE(Il2Cpp3)","1451","1453","[""System.Array""]","[]"
"F282","bridge/bundler","elements","ClassMethod:get","IIFE(Il2Cpp3)","1455","1462","[""vfsfitvnm"",""ToCharArray"",""76 00 66 00 73 00 66 00 69 00 74 00 76 00 6e 00 6d 00"",""couldn't find the elements offset in the native array struct"",""elements""]","[]"
"F283","bridge/bundler","getter callback","FunctionExpression","elements","1458","1460","[]","[]"
"F284","bridge/bundler","elementSize","ClassMethod:get","IIFE(Il2Cpp3)","1464","1466","[]","[]"
"F285","bridge/bundler","elementType","ClassMethod:get","IIFE(Il2Cpp3)","1468","1470","[]","[]"
"F286","bridge/bundler","length","ClassMethod:get","IIFE(Il2Cpp3)","1472","1474","[]","[]"
"F287","bridge/bundler","object","ClassMethod:get","IIFE(Il2Cpp3)","1476","1478","[]","[]"
"F288","bridge/bundler","get","ClassMethod","IIFE(Il2Cpp3)","1480","1485","[""cannot get element at index ${index} as the array length is ${this.length}""]","[]"
"F289","bridge/bundler","set","ClassMethod","IIFE(Il2Cpp3)","1487","1492","[""cannot set element at index ${index} as the array length is ${this.length}""]","[]"
"F290","bridge/bundler","toString","ClassMethod","IIFE(Il2Cpp3)","1494","1496","[""null"",""[${this.elements.read(this.length,0)}]""]","[]"
"F291","bridge/bundler","Symbol.iterator","ClassMethod","IIFE(Il2Cpp3)","1498","1502","[]","[]"
"F292","bridge/bundler","array","FunctionDeclaration","IIFE(Il2Cpp3)","1520","1527","[""number""]","[]"
"F293","bridge/bundler","IIFE(Il2Cpp3)","FunctionExpression","node_modules/frida-il2cpp-bridge/dist/index.js","1530","1564","[""name"",""object""]","[]"
"F294","bridge/bundler","image","ClassMethod:get","IIFE(Il2Cpp3)","1533","1539","[""GetType"",""<Module>"",""get_Module"",""GetModules"",""couldn't find the runtime module object of assembly ${this.name}"",""_impl""]","[]"
"F295","bridge/bundler","name","ClassMethod:get","IIFE(Il2Cpp3)","1541","1543","["".dll"",""""]","[]"
"F296","bridge/bundler","object","ClassMethod:get","IIFE(Il2Cpp3)","1545","1552","[""GetAssemblies"",""_mono_assembly"",""couldn't find the object of the native assembly struct""]","[]"
"F297","bridge/bundler","IIFE(Il2Cpp3)","FunctionExpression","node_modules/frida-il2cpp-bridge/dist/index.js","1565","1922","[""arrayClass"",""arrayElementSize"",""assemblyName"",""declaringClass"",""baseType"",""elementClass"",""fields"",""flags"",""fullName"",""generics"",""hasReferences"",""hasStaticConstructor"",""image"",""instanceSize"",""isAbstract"",""isBlittable"",""isEnum"",""isGeneric"",""isInflated"",""isInterface"",""isValueType"",""interfaces"",""methods"",""name"",""namespace"",""nestedClasses"",""parent"",""pointerClass"",""rank"",""staticFieldsData"",""valueTypeSize"",""type""]","[]"
"F298","bridge/bundler","actualInstanceSize","ClassMethod:get","IIFE(Il2Cpp3)","1568","1575","[""System.String"",""couldn't find the actual instance size offset in the native class struct"",""actualInstanceSize""]","[]"
"F299","bridge/bundler","SystemString.handle.offsetOf callback","ArrowFunctionExpression","actualInstanceSize","1570","1570","[]","[]"
"F300","bridge/bundler","getter callback","FunctionExpression","actualInstanceSize","1571","1573","[]","[]"
"F301","bridge/bundler","arrayClass","ClassMethod:get","IIFE(Il2Cpp3)","1577","1579","[]","[]"
"F302","bridge/bundler","arrayElementSize","ClassMethod:get","IIFE(Il2Cpp3)","1581","1583","[]","[]"
"F303","bridge/bundler","assemblyName","ClassMethod:get","IIFE(Il2Cpp3)","1585","1587","["".dll"",""""]","[]"
"F304","bridge/bundler","declaringClass","ClassMethod:get","IIFE(Il2Cpp3)","1589","1591","[]","[]"
"F305","bridge/bundler","baseType","ClassMethod:get","IIFE(Il2Cpp3)","1593","1595","[]","[]"
"F306","bridge/bundler","elementClass","ClassMethod:get","IIFE(Il2Cpp3)","1597","1599","[]","[]"
"F307","bridge/bundler","fields","ClassMethod:get","IIFE(Il2Cpp3)","1601","1603","[]","[]"
"F308","bridge/bundler","readNativeIterator callback","ArrowFunctionExpression","fields","1602","1602","[]","[]"
"F309","bridge/bundler","readNativeIterator(_=>Il2Cpp3.exports.classGetFields(this,_)).map callback","ArrowFunctionExpression","fields","1602","1602","[]","[]"
"F310","bridge/bundler","flags","ClassMethod:get","IIFE(Il2Cpp3)","1605","1607","[]","[]"
"F311","bridge/bundler","fullName","ClassMethod:get","IIFE(Il2Cpp3)","1609","1611","[""${this.namespace}.${this.name}""]","[]"
"F312","bridge/bundler","genericClass","ClassMethod:get","IIFE(Il2Cpp3)","1613","1616","[]","[]"
"F313","bridge/bundler","generics","ClassMethod:get","IIFE(Il2Cpp3)","1618","1624","[""GetGenericArguments""]","[]"
"F314","bridge/bundler","globalThis.Array.from(types).map callback","ArrowFunctionExpression","generics","1623","1623","[]","[]"
"F315","bridge/bundler","hasReferences","ClassMethod:get","IIFE(Il2Cpp3)","1626","1628","[]","[]"
"F316","bridge/bundler","hasStaticConstructor","ClassMethod:get","IIFE(Il2Cpp3)","1630","1633","["".cctor""]","[]"
"F317","bridge/bundler","image","ClassMethod:get","IIFE(Il2Cpp3)","1635","1637","[]","[]"
"F318","bridge/bundler","instanceSize","ClassMethod:get","IIFE(Il2Cpp3)","1639","1641","[]","[]"
"F319","bridge/bundler","isAbstract","ClassMethod:get","IIFE(Il2Cpp3)","1643","1645","[]","[]"
"F320","bridge/bundler","isBlittable","ClassMethod:get","IIFE(Il2Cpp3)","1647","1649","[]","[]"
"F321","bridge/bundler","isEnum","ClassMethod:get","IIFE(Il2Cpp3)","1651","1653","[]","[]"
"F322","bridge/bundler","isGeneric","ClassMethod:get","IIFE(Il2Cpp3)","1655","1657","[]","[]"
"F323","bridge/bundler","isInflated","ClassMethod:get","IIFE(Il2Cpp3)","1659","1661","[]","[]"
"F324","bridge/bundler","isInterface","ClassMethod:get","IIFE(Il2Cpp3)","1663","1665","[]","[]"
"F325","bridge/bundler","isStruct","ClassMethod:get","IIFE(Il2Cpp3)","1667","1669","[]","[]"
"F326","bridge/bundler","isValueType","ClassMethod:get","IIFE(Il2Cpp3)","1671","1673","[]","[]"
"F327","bridge/bundler","interfaces","ClassMethod:get","IIFE(Il2Cpp3)","1675","1677","[]","[]"
"F328","bridge/bundler","readNativeIterator callback","ArrowFunctionExpression","interfaces","1676","1676","[]","[]"
"F329","bridge/bundler","readNativeIterator(_=>Il2Cpp3.exports.classGetInterfaces(this,_)).map callback","ArrowFunctionExpression","interfaces","1676","1676","[]","[]"
"F330","bridge/bundler","methods","ClassMethod:get","IIFE(Il2Cpp3)","1679","1681","[]","[]"
"F331","bridge/bundler","readNativeIterator callback","ArrowFunctionExpression","methods","1680","1680","[]","[]"
"F332","bridge/bundler","readNativeIterator(_=>Il2Cpp3.exports.classGetMethods(this,_)).map callback","ArrowFunctionExpression","methods","1680","1680","[]","[]"
"F333","bridge/bundler","name","ClassMethod:get","IIFE(Il2Cpp3)","1683","1685","[]","[]"
"F334","bridge/bundler","namespace","ClassMethod:get","IIFE(Il2Cpp3)","1687","1689","[]","[]"
"F335","bridge/bundler","nestedClasses","ClassMethod:get","IIFE(Il2Cpp3)","1691","1693","[]","[]"
"F336","bridge/bundler","readNativeIterator callback","ArrowFunctionExpression","nestedClasses","1692","1692","[]","[]"
"F337","bridge/bundler","readNativeIterator(_=>Il2Cpp3.exports.classGetNestedClasses(this,_)).map callback","ArrowFunctionExpression","nestedClasses","1692","1692","[]","[]"
"F338","bridge/bundler","parent","ClassMethod:get","IIFE(Il2Cpp3)","1695","1697","[]","[]"
"F339","bridge/bundler","pointerClass","ClassMethod:get","IIFE(Il2Cpp3)","1699","1701","[""MakePointerType""]","[]"
"F340","bridge/bundler","rank","ClassMethod:get","IIFE(Il2Cpp3)","1703","1718","[""]"",""["","",""]","[]"
"F341","bridge/bundler","staticFieldsData","ClassMethod:get","IIFE(Il2Cpp3)","1720","1722","[]","[]"
"F342","bridge/bundler","valueTypeSize","ClassMethod:get","IIFE(Il2Cpp3)","1724","1726","[]","[]"
"F343","bridge/bundler","type","ClassMethod:get","IIFE(Il2Cpp3)","1728","1730","[]","[]"
"F344","bridge/bundler","alloc","ClassMethod","IIFE(Il2Cpp3)","1732","1734","[]","[]"
"F345","bridge/bundler","field","ClassMethod","IIFE(Il2Cpp3)","1736","1738","[""couldn't find field ${name} in class ${this.type.name}""]","[]"
"F346","bridge/bundler","hierarchy","ClassMethod","IIFE(Il2Cpp3)","1740","1746","[]","[]"
"F347","bridge/bundler","inflate","ClassMethod","IIFE(Il2Cpp3)","1748","1759","[""cannot inflate class ${this.type.name} as it has no generic parameters"",""cannot inflate class ${this.type.name} as it needs ${this.generics.length} generic parameter(s), not ${classes.length}"",""System.Type"",""MakeGenericType""]","[]"
"F348","bridge/bundler","classes.map callback","ArrowFunctionExpression","inflate","1755","1755","[]","[]"
"F349","bridge/bundler","initialize","ClassMethod","IIFE(Il2Cpp3)","1761","1764","[]","[]"
"F350","bridge/bundler","isAssignableFrom","ClassMethod","IIFE(Il2Cpp3)","1766","1768","[]","[]"
"F351","bridge/bundler","isSubclassOf","ClassMethod","IIFE(Il2Cpp3)","1770","1772","[]","[]"
"F352","bridge/bundler","method","ClassMethod","IIFE(Il2Cpp3)","1774","1776","[""couldn't find method ${name} in class ${this.type.name}""]","[]"
"F353","bridge/bundler","nested","ClassMethod","IIFE(Il2Cpp3)","1778","1780","[""couldn't find nested class ${name} in class ${this.type.name}""]","[]"
"F354","bridge/bundler","new","ClassMethod","IIFE(Il2Cpp3)","1782","1791","[]","[]"
"F355","bridge/bundler","tryField","ClassMethod","IIFE(Il2Cpp3)","1793","1795","[]","[]"
"F356","bridge/bundler","tryMethod","ClassMethod","IIFE(Il2Cpp3)","1797","1799","[]","[]"
"F357","bridge/bundler","tryNested","ClassMethod","IIFE(Il2Cpp3)","1801","1803","[]","[]"
"F358","bridge/bundler","this.nestedClasses.find callback","ArrowFunctionExpression","tryNested","1802","1802","[]","[]"
"F359","bridge/bundler","toString","ClassMethod","IIFE(Il2Cpp3)","1805","1815","[""// ${this.assemblyName}\n${this.isEnum?`enum`:this.isStruct?`struct`:this.isInterface?`interface`:`class`} ${this.type.name}${inherited?` : ${inherited.map(_=>_?.type.name).join(`, `)}`:``}\n{\n    ${this.fields.join(`\n    `)}\n    ${this.methods.join(`\n    `)}\n}"",""enum"",""struct"",""interface"",""class"","" : ${inherited.map(_=>_?.type.name).join(`, `)}"","", "","""",""\n    ""]","[]"
"F360","bridge/bundler","inherited.map callback","ArrowFunctionExpression","toString","1808","1808","[]","[]"
"F361","bridge/bundler","enumerate","ClassMethod","IIFE(Il2Cpp3)","1817","1820","[""void"",""pointer""]","[]"
"F362","bridge/bundler","NativeCallback callback","ArrowFunctionExpression","enumerate","1818","1818","[]","[]"
"F363","bridge/bundler","IIFE(Il2Cpp3)","FunctionExpression","node_modules/frida-il2cpp-bridge/dist/index.js","1923","1945","[]","[]"
"F364","bridge/bundler","delegate","FunctionDeclaration","IIFE(Il2Cpp3)","1924","1942","[""System.Delegate"",""System.MulticastDelegate"",""cannot create a delegate for ${klass.type.name} as it's a non-delegate class"",""cannot create a delegate for neither ${SystemDelegate.type.name} nor ${SystemMulticastDelegate.type.name}, use a subclass instead"",""Invoke"",""cannot create a delegate for ${klass.type.name}, there is no Invoke method"","".ctor"",""method_ptr"",""invoke_impl""]","[]"
"F365","bridge/bundler","IIFE(Il2Cpp3)","FunctionExpression","node_modules/frida-il2cpp-bridge/dist/index.js","1946","1987","[""assemblies"",""object"",""domain""]","[]"
"F366","bridge/bundler","assemblies","ClassMethod:get","IIFE(Il2Cpp3)","1949","1956","[""GetAssemblies""]","[]"
"F367","bridge/bundler","readNativeList callback","ArrowFunctionExpression","assemblies","1950","1950","[]","[]"
"F368","bridge/bundler","globalThis.Array.from(assemblyObjects).map callback","ArrowFunctionExpression","assemblies","1953","1953","[""_mono_assembly""]","[]"
"F369","bridge/bundler","handles.map callback","ArrowFunctionExpression","assemblies","1955","1955","[]","[]"
"F370","bridge/bundler","object","ClassMethod:get","IIFE(Il2Cpp3)","1958","1960","[""System.AppDomain"",""get_CurrentDomain""]","[]"
"F371","bridge/bundler","assembly","ClassMethod","IIFE(Il2Cpp3)","1962","1964","[""couldn't find assembly ${name}""]","[]"
"F372","bridge/bundler","attach","ClassMethod","IIFE(Il2Cpp3)","1966","1968","[]","[]"
"F373","bridge/bundler","tryAssembly","ClassMethod","IIFE(Il2Cpp3)","1970","1972","[]","[]"
"F374","bridge/bundler","getter callback","ArrowFunctionExpression","IIFE(Il2Cpp3)","1984","1986","[]","[]"
"F375","bridge/bundler","IIFE(Il2Cpp3)","FunctionExpression","node_modules/frida-il2cpp-bridge/dist/index.js","1988","2129","[""class"",""flags"",""isLiteral"",""isStatic"",""isThreadStatic"",""modifier"",""name"",""offset"",""type""]","[]"
"F376","bridge/bundler","class","ClassMethod:get","IIFE(Il2Cpp3)","1991","1993","[]","[]"
"F377","bridge/bundler","flags","ClassMethod:get","IIFE(Il2Cpp3)","1995","1997","[]","[]"
"F378","bridge/bundler","isLiteral","ClassMethod:get","IIFE(Il2Cpp3)","1999","2001","[]","[]"
"F379","bridge/bundler","isStatic","ClassMethod:get","IIFE(Il2Cpp3)","2003","2005","[]","[]"
"F380","bridge/bundler","isThreadStatic","ClassMethod:get","IIFE(Il2Cpp3)","2007","2013","[""System.AppDomain"",""type_resolve_in_progress"",""isThreadStatic""]","[]"
"F381","bridge/bundler","getter callback","FunctionExpression","isThreadStatic","2009","2011","[]","[]"
"F382","bridge/bundler","modifier","ClassMethod:get","IIFE(Il2Cpp3)","2015","2030","[""private"",""private protected"",""internal"",""protected"",""protected internal"",""public""]","[]"
"F383","bridge/bundler","name","ClassMethod:get","IIFE(Il2Cpp3)","2032","2034","[]","[]"
"F384","bridge/bundler","offset","ClassMethod:get","IIFE(Il2Cpp3)","2036","2038","[]","[]"
"F385","bridge/bundler","type","ClassMethod:get","IIFE(Il2Cpp3)","2040","2042","[]","[]"
"F386","bridge/bundler","value","ClassMethod:get","IIFE(Il2Cpp3)","2044","2051","[""cannot access instance field ${this.class.type.name}::${this.name} from a class, use an object instead""]","[]"
"F387","bridge/bundler","value","ClassMethod:set","IIFE(Il2Cpp3)","2053","2066","[""cannot access instance field ${this.class.type.name}::${this.name} from a class, use an object instead"",""cannot write the value of field ${this.name} as it's thread static or literal""]","[]"
"F388","bridge/bundler","toString","ClassMethod","IIFE(Il2Cpp3)","2068","2070","[""${this.isThreadStatic?`[ThreadStatic] `:``}${this.isStatic?`static `:``}${this.type.name} ${this.name}${this.isLiteral?` = ${this.type.class.isEnum?Il2Cpp3.read(this.value.handle,this.type.class.baseType):this.value}`:``};${this.isThreadStatic||this.isLiteral?``:` // 0x${this.offset.toString(16)}`}"",""[ThreadStatic] "","""",""static "","" = ${this.type.class.isEnum?Il2Cpp3.read(this.value.handle,this.type.class.baseType):this.value}"","" // 0x${this.offset.toString(16)}""]","[]"
"F389","bridge/bundler","bind","ClassMethod","IIFE(Il2Cpp3)","2079","2099","[""cannot bind static field ${this.class.type.name}::${this.name} to an instance""]","[]"
"F390","bridge/bundler","get","ObjectMethod","bind","2085","2090","[""value""]","[]"
"F391","bridge/bundler","set","ObjectMethod","bind","2091","2097","[""value""]","[]"
"F392","bridge/bundler","IIFE(Il2Cpp3)","FunctionExpression","node_modules/frida-il2cpp-bridge/dist/index.js","2130","2147","[]","[]"
"F393","bridge/bundler","constructor","ClassMethod:constructor","IIFE(Il2Cpp3)","2134","2136","[]","[]"
"F394","bridge/bundler","target","ClassMethod:get","IIFE(Il2Cpp3)","2138","2140","[]","[]"
"F395","bridge/bundler","free","ClassMethod","IIFE(Il2Cpp3)","2142","2144","[]","[]"
"F396","bridge/bundler","IIFE(Il2Cpp3)","FunctionExpression","node_modules/frida-il2cpp-bridge/dist/index.js","2148","2211","[""assembly"",""classCount"",""classes"",""name"",""corlib""]","[]"
"F397","bridge/bundler","assembly","ClassMethod:get","IIFE(Il2Cpp3)","2151","2153","[]","[]"
"F398","bridge/bundler","classCount","ClassMethod:get","IIFE(Il2Cpp3)","2155","2161","[]","[]"
"F399","bridge/bundler","classes","ClassMethod:get","IIFE(Il2Cpp3)","2163","2175","[""GetTypes"",""<Module>""]","[]"
"F400","bridge/bundler","globalThis.Array.from callback","ArrowFunctionExpression","classes","2166","2166","[]","[]"
"F401","bridge/bundler","globalThis.Array.from callback","ArrowFunctionExpression","classes","2173","2173","[]","[]"
"F402","bridge/bundler","name","ClassMethod:get","IIFE(Il2Cpp3)","2177","2179","[]","[]"
"F403","bridge/bundler","class","ClassMethod","IIFE(Il2Cpp3)","2181","2183","[""couldn't find class ${name} in assembly ${this.name}""]","[]"
"F404","bridge/bundler","tryClass","ClassMethod","IIFE(Il2Cpp3)","2185","2190","[""."",""""]","[]"
"F405","bridge/bundler","getter callback","ArrowFunctionExpression","IIFE(Il2Cpp3)","2208","2210","[]","[]"
"F406","bridge/bundler","IIFE(Il2Cpp3)","FunctionExpression","node_modules/frida-il2cpp-bridge/dist/index.js","2212","2249","[""classes"",""objects""]","[]"
"F407","bridge/bundler","capture","ClassMethod","IIFE(Il2Cpp3)","2215","2217","[]","[]"
"F408","bridge/bundler","constructor","ClassMethod:constructor","IIFE(Il2Cpp3)","2219","2221","[]","[]"
"F409","bridge/bundler","classes","ClassMethod:get","IIFE(Il2Cpp3)","2223","2225","[]","[]"
"F410","bridge/bundler","readNativeIterator callback","ArrowFunctionExpression","classes","2224","2224","[]","[]"
"F411","bridge/bundler","readNativeIterator(_=>Il2Cpp3.exports.memorySnapshotGetClasses(this,_)).map callback","ArrowFunctionExpression","classes","2224","2224","[]","[]"
"F412","bridge/bundler","objects","ClassMethod:get","IIFE(Il2Cpp3)","2227","2229","[]","[]"
"F413","bridge/bundler","readNativeList callback","ArrowFunctionExpression","objects","2228","2228","[]","[]"
"F414","bridge/bundler","readNativeList(_=>Il2Cpp3.exports.memorySnapshotGetObjects(this,_)).filter callback","ArrowFunctionExpression","objects","2228","2228","[]","[]"
"F415","bridge/bundler","readNativeList(_=>Il2Cpp3.exports.memorySnapshotGetObjects(this,_)).filter(_=>!_.isNull()).map callback","ArrowFunctionExpression","objects","2228","2228","[]","[]"
"F416","bridge/bundler","free","ClassMethod","IIFE(Il2Cpp3)","2231","2233","[]","[]"
"F417","bridge/bundler","memorySnapshot","FunctionDeclaration","IIFE(Il2Cpp3)","2242","2247","[]","[]"
"F418","bridge/bundler","IIFE(Il2Cpp3)","FunctionExpression","node_modules/frida-il2cpp-bridge/dist/index.js","2250","2625","[""class"",""flags"",""implementationFlags"",""fridaSignature"",""generics"",""isExternal"",""isGeneric"",""isInflated"",""isStatic"",""isSynchronized"",""modifier"",""name"",""nativeFunction"",""object"",""parameterCount"",""parameters"",""relativeVirtualAddress"",""returnType""]","[]"
"F419","bridge/bundler","class","ClassMethod:get","IIFE(Il2Cpp3)","2253","2255","[]","[]"
"F420","bridge/bundler","flags","ClassMethod:get","IIFE(Il2Cpp3)","2257","2259","[]","[]"
"F421","bridge/bundler","implementationFlags","ClassMethod:get","IIFE(Il2Cpp3)","2261","2265","[]","[]"
"F422","bridge/bundler","fridaSignature","ClassMethod:get","IIFE(Il2Cpp3)","2267","2279","[""pointer""]","[]"
"F423","bridge/bundler","generics","ClassMethod:get","IIFE(Il2Cpp3)","2281","2287","[""GetGenericArguments""]","[]"
"F424","bridge/bundler","globalThis.Array.from(types).map callback","ArrowFunctionExpression","generics","2286","2286","[]","[]"
"F425","bridge/bundler","isExternal","ClassMethod:get","IIFE(Il2Cpp3)","2289","2291","[]","[]"
"F426","bridge/bundler","isGeneric","ClassMethod:get","IIFE(Il2Cpp3)","2293","2295","[]","[]"
"F427","bridge/bundler","isInflated","ClassMethod:get","IIFE(Il2Cpp3)","2297","2299","[]","[]"
"F428","bridge/bundler","isStatic","ClassMethod:get","IIFE(Il2Cpp3)","2301","2303","[]","[]"
"F429","bridge/bundler","isSynchronized","ClassMethod:get","IIFE(Il2Cpp3)","2305","2307","[]","[]"
"F430","bridge/bundler","modifier","ClassMethod:get","IIFE(Il2Cpp3)","2309","2324","[""private"",""private protected"",""internal"",""protected"",""protected internal"",""public""]","[]"
"F431","bridge/bundler","name","ClassMethod:get","IIFE(Il2Cpp3)","2326","2328","[]","[]"
"F432","bridge/bundler","nativeFunction","ClassMethod:get","IIFE(Il2Cpp3)","2330","2332","[]","[]"
"F433","bridge/bundler","object","ClassMethod:get","IIFE(Il2Cpp3)","2334","2336","[]","[]"
"F434","bridge/bundler","parameterCount","ClassMethod:get","IIFE(Il2Cpp3)","2338","2340","[]","[]"
"F435","bridge/bundler","parameters","ClassMethod:get","IIFE(Il2Cpp3)","2342","2348","[]","[]"
"F436","bridge/bundler","globalThis.Array.from callback","ArrowFunctionExpression","parameters","2343","2347","[]","[]"
"F437","bridge/bundler","relativeVirtualAddress","ClassMethod:get","IIFE(Il2Cpp3)","2350","2352","[]","[]"
"F438","bridge/bundler","returnType","ClassMethod:get","IIFE(Il2Cpp3)","2354","2356","[]","[]"
"F439","bridge/bundler","virtualAddress","ClassMethod:get","IIFE(Il2Cpp3)","2358","2368","[""System.Reflection.Module"",""FilterTypeName"",""method_ptr"",""method"",""couldn't find the virtual address offset in the native method struct"",""virtualAddress"","".cctor""]","[]"
"F440","bridge/bundler","FilterTypeNameMethod.offsetOf callback","ArrowFunctionExpression","virtualAddress","2362","2362","[]","[]"
"F441","bridge/bundler","getter callback","FunctionExpression","virtualAddress","2363","2365","[]","[]"
"F442","bridge/bundler","implementation","ClassMethod:set","IIFE(Il2Cpp3)","2370","2387","[""access violation accessing 0x0"",""couldn't set implementation for method ${this.name} as it has a NULL virtual address"",""couldn't set implementation for method ${this.name} as it may be a thunk"",""already replaced this function"",""couldn't set implementation for method ${this.name} as it has already been replaced by a thunk""]","[""/unable to intercept function at \\w+; please file a bug/""]"
"F443","bridge/bundler","inflate","ClassMethod","IIFE(Il2Cpp3)","2389","2402","[""could not find inflatable signature of method ${this.name} with ${classes.length} generic parameter(s)"",""System.Type"",""MakeGenericMethod"",""mhandle""]","[]"
"F444","bridge/bundler","classes.map callback","ArrowFunctionExpression","inflate","2398","2398","[]","[]"
"F445","bridge/bundler","invoke","ClassMethod","IIFE(Il2Cpp3)","2404","2409","[""cannot invoke non-static method ${this.name} as it must be invoked throught a Il2Cpp.Object, not a Il2Cpp.Class""]","[]"
"F446","bridge/bundler","invokeRaw","ClassMethod","IIFE(Il2Cpp3)","2411","2436","[""an unexpected native invocation exception occurred, this is due to parameter types mismatch"",""bad argument count"",""couldn't invoke method ${this.name} as it needs ${this.parameterCount} parameter(s), not ${parameters.length}"",""expected a pointer"",""expected number"",""expected array with fields"",""couldn't invoke method ${this.name} using incorrect parameter types""]","[]"
"F447","bridge/bundler","overload","ClassMethod","IIFE(Il2Cpp3)","2438","2441","[""couldn't find overloaded method ${this.name}(${typeNamesOrClasses.map(_=>_ instanceof Il2Cpp3.Class?_.type.name:_)})""]","[]"
"F448","bridge/bundler","typeNamesOrClasses.map callback","ArrowFunctionExpression","overload","2440","2440","[]","[]"
"F449","bridge/bundler","overloads","ClassMethod","IIFE(Il2Cpp3)","2443","2451","[]","[]"
"F450","bridge/bundler","parameter","ClassMethod","IIFE(Il2Cpp3)","2453","2455","[""couldn't find parameter ${name} in method ${this.name}""]","[]"
"F451","bridge/bundler","revert","ClassMethod","IIFE(Il2Cpp3)","2457","2460","[]","[]"
"F452","bridge/bundler","tryOverload","ClassMethod","IIFE(Il2Cpp3)","2462","2506","[]","[]"
"F453","bridge/bundler","tryParameter","ClassMethod","IIFE(Il2Cpp3)","2508","2510","[]","[]"
"F454","bridge/bundler","this.parameters.find callback","ArrowFunctionExpression","tryParameter","2509","2509","[]","[]"
"F455","bridge/bundler","toString","ClassMethod","IIFE(Il2Cpp3)","2512","2514","[""${this.isStatic?`static `:``}${this.returnType.name} ${this.name}${this.generics.length>0?`<${this.generics.map(_=>_.type.name).join(\"",\"")}>`:\""\""}(${this.parameters.join(`, `)});${this.virtualAddress.isNull()?``:` // 0x${this.relativeVirtualAddress.toString(16).padStart(8,`0`)}`}"",""static "","""",""<${this.generics.map(_=>_.type.name).join(\"",\"")}>"","","","", "","" // 0x${this.relativeVirtualAddress.toString(16).padStart(8,`0`)}"",""0""]","[]"
"F456","bridge/bundler","this.generics.map callback","ArrowFunctionExpression","toString","2513","2513","[]","[]"
"F457","bridge/bundler","bind","ClassMethod","IIFE(Il2Cpp3)","2523","2552","[""cannot bind static method ${this.class.type.name}::${this.name} to an instance""]","[]"
"F458","bridge/bundler","get","ObjectMethod","bind","2528","2550","[""invoke"",""cannot invoke method ${target.class.type.name}::${target.name} against a value type, you must box it first"",""overloads"",""inflate"",""overload"",""tryOverload""]","[]"
"F459","bridge/bundler","(anonymous)","FunctionExpression","get","2534","2540","[]","[]"
"F460","bridge/bundler","(anonymous)","FunctionExpression","get","2545","2547","[]","[]"
"F461","bridge/bundler","wrap","ClassMethod","IIFE(Il2Cpp3)","2554","2562","[]","[]"
"F462","bridge/bundler","NativeCallback callback","ArrowFunctionExpression","wrap","2556","2561","[]","[]"
"F463","bridge/bundler","this.parameters.map callback","ArrowFunctionExpression","NativeCallback callback","2558","2558","[]","[]"
"F464","bridge/bundler","structMethodsRequireObjectInstances","ArrowFunctionExpression","IIFE(Il2Cpp3)","2619","2624","[""System.Int64"",""m_value"",""Equals""]","[]"
"F465","bridge/bundler","structMethodsRequireObjectInstances","ArrowFunctionExpression","structMethodsRequireObjectInstances","2623","2623","[]","[]"
"F466","bridge/bundler","IIFE(Il2Cpp3)","FunctionExpression","node_modules/frida-il2cpp-bridge/dist/index.js","2626","2798","[""class"",""size"",""headerSize""]","[]"
"F467","bridge/bundler","headerSize","ClassMethod:get","IIFE(Il2Cpp3)","2629","2631","[""System.Object""]","[]"
"F468","bridge/bundler","base","ClassMethod:get","IIFE(Il2Cpp3)","2664","2678","[""class ${this.class.type.name} has no parent""]","[]"
"F469","bridge/bundler","get","ObjectMethod","base","2669","2676","[""class"",""base""]","[]"
"F470","bridge/bundler","class","ClassMethod:get","IIFE(Il2Cpp3)","2680","2682","[]","[]"
"F471","bridge/bundler","monitor","ClassMethod:get","IIFE(Il2Cpp3)","2684","2686","[]","[]"
"F472","bridge/bundler","size","ClassMethod:get","IIFE(Il2Cpp3)","2688","2690","[]","[]"
"F473","bridge/bundler","field","ClassMethod","IIFE(Il2Cpp3)","2692","2694","[""couldn't find non-static field ${name} in hierarchy of class ${this.class.type.name}""]","[]"
"F474","bridge/bundler","method","ClassMethod","IIFE(Il2Cpp3)","2696","2698","[""couldn't find non-static method ${name} in hierarchy of class ${this.class.type.name}""]","[]"
"F475","bridge/bundler","ref","ClassMethod","IIFE(Il2Cpp3)","2700","2702","[]","[]"
"F476","bridge/bundler","virtualMethod","ClassMethod","IIFE(Il2Cpp3)","2704","2706","[]","[]"
"F477","bridge/bundler","tryField","ClassMethod","IIFE(Il2Cpp3)","2708","2721","[]","[]"
"F478","bridge/bundler","tryMethod","ClassMethod","IIFE(Il2Cpp3)","2723","2736","[]","[]"
"F479","bridge/bundler","toString","ClassMethod","IIFE(Il2Cpp3)","2738","2740","[""null"",""ToString""]","[]"
"F480","bridge/bundler","unbox","ClassMethod","IIFE(Il2Cpp3)","2742","2744","[""couldn't unbox instances of ${this.class.type.name} as they are not value types""]","[]"
"F481","bridge/bundler","weakRef","ClassMethod","IIFE(Il2Cpp3)","2746","2748","[]","[]"
"F482","bridge/bundler","IIFE(Object3)","FunctionExpression","IIFE(Il2Cpp3)","2760","2797","[]","[]"
"F483","bridge/bundler","constructor","ClassMethod:constructor","IIFE(Object3)","2764","2766","[]","[]"
"F484","bridge/bundler","enter","ClassMethod","IIFE(Object3)","2768","2770","[]","[]"
"F485","bridge/bundler","exit","ClassMethod","IIFE(Object3)","2772","2774","[]","[]"
"F486","bridge/bundler","pulse","ClassMethod","IIFE(Object3)","2776","2778","[]","[]"
"F487","bridge/bundler","pulseAll","ClassMethod","IIFE(Object3)","2780","2782","[]","[]"
"F488","bridge/bundler","tryEnter","ClassMethod","IIFE(Object3)","2784","2786","[]","[]"
"F489","bridge/bundler","tryWait","ClassMethod","IIFE(Object3)","2788","2790","[]","[]"
"F490","bridge/bundler","wait","ClassMethod","IIFE(Object3)","2792","2794","[]","[]"
"F491","bridge/bundler","IIFE(Il2Cpp3)","FunctionExpression","node_modules/frida-il2cpp-bridge/dist/index.js","2799","2818","[]","[]"
"F492","bridge/bundler","constructor","ClassMethod:constructor","IIFE(Il2Cpp3)","2807","2811","[]","[]"
"F493","bridge/bundler","toString","ClassMethod","IIFE(Il2Cpp3)","2813","2815","[""${this.type.name} ${this.name}""]","[]"
"F494","bridge/bundler","IIFE(Il2Cpp3)","FunctionExpression","node_modules/frida-il2cpp-bridge/dist/index.js","2819","2854","[]","[]"
"F495","bridge/bundler","constructor","ClassMethod:constructor","IIFE(Il2Cpp3)","2822","2825","[]","[]"
"F496","bridge/bundler","get","ClassMethod","IIFE(Il2Cpp3)","2827","2829","[]","[]"
"F497","bridge/bundler","read","ClassMethod","IIFE(Il2Cpp3)","2831","2837","[]","[]"
"F498","bridge/bundler","set","ClassMethod","IIFE(Il2Cpp3)","2839","2841","[]","[]"
"F499","bridge/bundler","toString","ClassMethod","IIFE(Il2Cpp3)","2843","2845","[]","[]"
"F500","bridge/bundler","write","ClassMethod","IIFE(Il2Cpp3)","2847","2851","[]","[]"
"F501","bridge/bundler","IIFE(Il2Cpp3)","FunctionExpression","node_modules/frida-il2cpp-bridge/dist/index.js","2855","2928","[]","[]"
"F502","bridge/bundler","constructor","ClassMethod:constructor","IIFE(Il2Cpp3)","2858","2861","[]","[]"
"F503","bridge/bundler","value","ClassMethod:get","IIFE(Il2Cpp3)","2863","2865","[]","[]"
"F504","bridge/bundler","value","ClassMethod:set","IIFE(Il2Cpp3)","2867","2869","[]","[]"
"F505","bridge/bundler","toString","ClassMethod","IIFE(Il2Cpp3)","2871","2873","[""null"",""->${this.value}""]","[]"
"F506","bridge/bundler","reference","FunctionDeclaration","IIFE(Il2Cpp3)","2876","2926","[""boolean"",""System.Boolean"",""number"",""object"",""System.Int64"",""System.UInt64"",""couldn't create a reference to ${value} using an unhandled type ${type?.name}""]","[]"
"F507","bridge/bundler","IIFE(Il2Cpp3)","FunctionExpression","node_modules/frida-il2cpp-bridge/dist/index.js","2929","2964","[]","[]"
"F508","bridge/bundler","content","ClassMethod:get","IIFE(Il2Cpp3)","2932","2934","[]","[]"
"F509","bridge/bundler","content","ClassMethod:set","IIFE(Il2Cpp3)","2936","2945","[""vfsfitvnm"",""couldn't find the length offset in the native string struct"",""content""]","[]"
"F510","bridge/bundler","Il2Cpp3.string(""vfsfitvnm"").handle.offsetOf callback","ArrowFunctionExpression","content","2937","2937","[]","[]"
"F511","bridge/bundler","set","ObjectMethod","content","2939","2942","[""""]","[]"
"F512","bridge/bundler","length","ClassMethod:get","IIFE(Il2Cpp3)","2947","2949","[]","[]"
"F513","bridge/bundler","object","ClassMethod:get","IIFE(Il2Cpp3)","2951","2953","[]","[]"
"F514","bridge/bundler","toString","ClassMethod","IIFE(Il2Cpp3)","2955","2957","[""null"",""\""${this.content}\""""]","[]"
"F515","bridge/bundler","string","FunctionDeclaration","IIFE(Il2Cpp3)","2960","2962","[""""]","[]"
"F516","bridge/bundler","IIFE(Il2Cpp3)","FunctionExpression","node_modules/frida-il2cpp-bridge/dist/index.js","2965","3094","[""internal"",""isFinalizer"",""managedId"",""object"",""staticData"",""synchronizationContext"",""attachedThreads"",""currentThread"",""mainThread""]","[]"
"F517","bridge/bundler","id","ClassMethod:get","IIFE(Il2Cpp3)","2968","2983","[""windows"",""couldn't find the offset for determining the kernel id of a posix thread"",""id""]","[]"
"F518","bridge/bundler","get","FunctionExpression","id","2969","2971","[""thread_id""]","[]"
"F519","bridge/bundler","currentPosixThread.offsetOf callback","ArrowFunctionExpression","id","2975","2975","[]","[]"
"F520","bridge/bundler","get","FunctionExpression","id","2977","2979","[]","[]"
"F521","bridge/bundler","internal","ClassMethod:get","IIFE(Il2Cpp3)","2985","2987","[""internal_thread""]","[]"
"F522","bridge/bundler","isFinalizer","ClassMethod:get","IIFE(Il2Cpp3)","2989","2991","[]","[]"
"F523","bridge/bundler","managedId","ClassMethod:get","IIFE(Il2Cpp3)","2993","2995","[""get_ManagedThreadId""]","[]"
"F524","bridge/bundler","object","ClassMethod:get","IIFE(Il2Cpp3)","2997","2999","[]","[]"
"F525","bridge/bundler","staticData","ClassMethod:get","IIFE(Il2Cpp3)","3001","3003","[""static_data""]","[]"
"F526","bridge/bundler","synchronizationContext","ClassMethod:get","IIFE(Il2Cpp3)","3005","3010","[""GetMutableExecutionContext"",""get_ExecutionContext"",""_syncContext"",""get_SynchronizationContext"",""System.Threading.SynchronizationContext""]","[]"
"F527","bridge/bundler","detach","ClassMethod","IIFE(Il2Cpp3)","3012","3014","[]","[]"
"F528","bridge/bundler","schedule","ClassMethod","IIFE(Il2Cpp3)","3016","3031","[""Post""]","[]"
"F529","bridge/bundler","Promise callback","ArrowFunctionExpression","schedule","3021","3030","[""System.Threading.SendOrPostCallback""]","[]"
"F530","bridge/bundler","Il2Cpp3.delegate callback","ArrowFunctionExpression","Promise callback","3022","3025","[]","[]"
"F531","bridge/bundler","setImmediate callback","ArrowFunctionExpression","Il2Cpp3.delegate callback","3024","3024","[]","[]"
"F532","bridge/bundler","Script.bindWeak callback","ArrowFunctionExpression","Promise callback","3026","3028","[""method_ptr"",""invoke_impl""]","[]"
"F533","bridge/bundler","tryLocalValue","ClassMethod","IIFE(Il2Cpp3)","3033","3043","[]","[]"
"F534","bridge/bundler","getter callback","ArrowFunctionExpression","IIFE(Il2Cpp3)","3064","3087","[""Current thread is not attached to IL2CPP"",""rw-""]","[]"
"F535","bridge/bundler","readNativeList(Il2Cpp3.exports.threadGetAttachedThreads).map callback","ArrowFunctionExpression","getter callback","3086","3086","[]","[]"
"F536","bridge/bundler","getter callback","ArrowFunctionExpression","IIFE(Il2Cpp3)","3088","3090","[]","[]"
"F537","bridge/bundler","getter callback","ArrowFunctionExpression","IIFE(Il2Cpp3)","3091","3093","[]","[]"
"F538","bridge/bundler","IIFE(Il2Cpp3)","FunctionExpression","node_modules/frida-il2cpp-bridge/dist/index.js","3095","3271","[""class"",""fridaAlias"",""isByReference"",""isPrimitive"",""name"",""object"",""enumValue"",""Enum""]","[]"
"F539","bridge/bundler","Enum","ClassMethod:get","IIFE(Il2Cpp3)","3098","3131","[""System.Void"",""System.Boolean"",""System.Char"",""System.SByte"",""System.Byte"",""System.Int16"",""System.UInt16"",""System.Int32"",""System.UInt32"",""System.Int64"",""System.UInt64"",""System.IntPtr"",""System.UIntPtr"",""System.Single"",""System.Double"",""System.Decimal"",""System.Object"",""System.String"",""System.Array"",""Enum"",""System.Action`1""]","[]"
"F540","bridge/bundler","_","ArrowFunctionExpression","Enum","3099","3099","[]","[]"
"F541","bridge/bundler","(anonymous)","ArrowFunctionExpression","_","3099","3099","[]","[]"
"F542","bridge/bundler","_ callback","ArrowFunctionExpression","Enum","3116","3116","[""m_value""]","[]"
"F543","bridge/bundler","_ callback","ArrowFunctionExpression","Enum","3121","3121","[]","[]"
"F544","bridge/bundler","_ callback","ArrowFunctionExpression","Enum","3122","3122","[]","[]"
"F545","bridge/bundler","_ callback","ArrowFunctionExpression","Enum","3123","3123","[]","[]"
"F546","bridge/bundler","_2.interfaces.find callback","ArrowFunctionExpression","_ callback","3123","3123","[""`1""]","[]"
"F547","bridge/bundler","_ callback","ArrowFunctionExpression","Enum","3128","3128","[]","[]"
"F548","bridge/bundler","_ callback","ArrowFunctionExpression","Enum","3129","3129","[""AsReadOnly""]","[]"
"F549","bridge/bundler","class","ClassMethod:get","IIFE(Il2Cpp3)","3133","3135","[]","[]"
"F550","bridge/bundler","fridaAlias","ClassMethod:get","IIFE(Il2Cpp3)","3137","3188","[""pointer"",""void"",""bool"",""uchar"",""int8"",""uint8"",""int16"",""uint16"",""int32"",""uint32"",""int64"",""uint64"",""float"",""double""]","[]"
"F551","bridge/bundler","getValueTypeFields","FunctionDeclaration","fridaAlias","3138","3141","[""char""]","[]"
"F552","bridge/bundler","type.class.fields.filter callback","ArrowFunctionExpression","getValueTypeFields","3139","3139","[]","[]"
"F553","bridge/bundler","instanceFields.map callback","ArrowFunctionExpression","getValueTypeFields","3140","3140","[]","[]"
"F554","bridge/bundler","isByReference","ClassMethod:get","IIFE(Il2Cpp3)","3190","3192","[""&""]","[]"
"F555","bridge/bundler","isPrimitive","ClassMethod:get","IIFE(Il2Cpp3)","3194","3214","[]","[]"
"F556","bridge/bundler","name","ClassMethod:get","IIFE(Il2Cpp3)","3216","3223","[]","[]"
"F557","bridge/bundler","object","ClassMethod:get","IIFE(Il2Cpp3)","3225","3227","[]","[]"
"F558","bridge/bundler","enumValue","ClassMethod:get","IIFE(Il2Cpp3)","3229","3231","[]","[]"
"F559","bridge/bundler","is","ClassMethod","IIFE(Il2Cpp3)","3232","3237","[""Equals""]","[]"
"F560","bridge/bundler","toString","ClassMethod","IIFE(Il2Cpp3)","3239","3241","[]","[]"
"F561","bridge/bundler","IIFE(Il2Cpp3)","FunctionExpression","node_modules/frida-il2cpp-bridge/dist/index.js","3272","3332","[]","[]"
"F562","bridge/bundler","constructor","ClassMethod:constructor","IIFE(Il2Cpp3)","3275","3278","[]","[]"
"F563","bridge/bundler","box","ClassMethod","IIFE(Il2Cpp3)","3280","3282","[]","[]"
"F564","bridge/bundler","field","ClassMethod","IIFE(Il2Cpp3)","3284","3286","[""couldn't find non-static field ${name} in hierarchy of class ${this.type.name}""]","[]"
"F565","bridge/bundler","method","ClassMethod","IIFE(Il2Cpp3)","3288","3290","[""couldn't find non-static method ${name} in hierarchy of class ${this.type.name}""]","[]"
"F566","bridge/bundler","tryField","ClassMethod","IIFE(Il2Cpp3)","3292","3305","[]","[]"
"F567","bridge/bundler","tryMethod","ClassMethod","IIFE(Il2Cpp3)","3307","3320","[]","[]"
"F568","bridge/bundler","toString","ClassMethod","IIFE(Il2Cpp3)","3322","3329","[""ToString"",""null""]","[]"
"F569","bot-wrapper","avatar.js","ObjectMethod","","3339","4661","[""avatar.js""]","[]"
"F570","bot","setTimeout callback","ArrowFunctionExpression","","3360","4653","[""perform""]","[]"
"F571","bot","_0x74df60","FunctionDeclaration","setTimeout callback","3362","3380","[""LICENSE_KEY"",""/data/data/com.TeaM.Avatar/shared_prefs/AutoAppPrefs.xml"",""r"",""readText"",""close"",""match"",""<string name=\"""",""\"">([^<]+)</string>"",""replace"",""\"""",""<int name=\"""",""\"" value=\""([^\""]+)\"""",""<boolean name=\"""",""true""]","[""/&quot;/g""]"
"F572","bot","_0x38515e","FunctionDeclaration","setTimeout callback","3381","3394","[""/data/data/com.TeaM.Avatar/shared_prefs/AutoAppPrefs.xml"",""r"",""readText"",""close"",""<string name=\"""",""\"">([^<]*)</string>"",""test"",""replace"",""\"">"",""</string>"",""</map>"",""    <string name=\"""",""</string>\n</map>"",""w"",""write"",""flush""]","[]"
"F573","bot","Il2Cpp[""perform""] callback","ArrowFunctionExpression","setTimeout callback","3395","4652","[""domain"",""assembly"",""Assembly-CSharp"",""image"",""class"",""FishingScr"",""Canvas"",""GameMidlet"",""LoadMap"",""MapScr"",""MsgDlg"",""AvatarService"",""GlobalService"",""FarmScr"",""FarmService"",""ChatTextField/IActionChat2"",""TField"",""ChatTextField"",""MiniMap"",""FarmData"",""ParkService"",""ParkListSrc"",""AvMain"",""AvCamera"",""LoginScr"",""CustomTab"",""CookingScr"",""SEED_ID"",""FOOD_ID"",""FARM_TIME"",""id"",""idMap"",""names"",""cá lòng tong"",""tiny fish"",""cá rô"",""perch fish"",""cá chép vàng"",""carp"",""cá lóc"",""snake head"",""cá nóc"",""puffer"",""cua"",""crab"",""cá ngựa"",""horsefish"",""cá chim"",""butter"",""cá đuối"",""rayfish"",""cá hề"",""nemo"",""cá lia thia"",""paradise"",""cá vàng"",""golden fish"",""cá chép"",""perch"",""nhái"",""frog"",""chàng hiu"",""green frog"",""ếch"",""blue frog"",""mực"",""squid"",""bạch tuộc"",""octopus"",""sứa"",""jellyfish"",""push"",""name"",""toLowerCase"",""sort"",""method"",""setText"",""attach"",""virtualAddress"",""addFlyText"",""overload"",""System.String"",""System.Int32"",""addd"",""switchToMe"",""update"",""onJoinPark"",""addPopup"",""startOKDlg"",""setPosButton"",""price"",""joinCitymap"",""resizeMap"",""onStartFishing"",""doClose"",""onCaCanCau"",""onFinish""]","[]"
"F574","bot","_0x385fac","FunctionExpression","Il2Cpp[""perform""] callback","3398","3420","[""split"",""\n"",""trim"",""toLowerCase"",""startsWith"",""reward"",""phần thưởng"",""match"",""includes"",""/"",""name"",""id"",""idMap"",""push"",""idFish"",""currentNum"",""requestNum"",""status""]","[""/-\\s*(?:fish|câu)\\s+(\\d+)\\s+(.*?)\\s*-\\s*(.+)$/i""]"
"F575","bot","_0x4314e6","FunctionExpression","Il2Cpp[""perform""] callback","3420","3423","[""field"",""w"",""value"",""h"",""round"",""x"",""y""]","[]"
"F576","bot","_0x2bf4ba","FunctionExpression","Il2Cpp[""perform""] callback","3423","3426","[""method"",""gI"",""invoke"",""Object"",""field"",""xCam"",""value"",""yCam"",""zoom"",""transTab"",""x"",""trunc"",""y""]","[]"
"F577","bot","_0x17ca5e","FunctionExpression","Il2Cpp[""perform""] callback","3426","3429","[""getFullYear"",""getMonth"",""getDate"",""getHours""]","[]"
"F578","bot","_0x449de4","FunctionExpression","Il2Cpp[""perform""] callback","3429","3441","[""toLowerCase"",""includes"",""1 hộp bánh"",""1 mooncake box"",""match""]","[""/(\\d+)\\s*\\/\\s*(\\d+)/""]"
"F579","bot","_0x3c4d04","FunctionExpression","Il2Cpp[""perform""] callback","3441","3454","[""getDate"",""/"",""getMonth"",""getFullYear"",""GIFT_LIST"",""parse"",""date"",""idPlayers"",""isArray"",""includes""]","[]"
"F580","bot","_0x55bf4a","FunctionExpression","Il2Cpp[""perform""] callback","3454","3465","[""getDate"",""/"",""getMonth"",""getFullYear"",""GIFT_LIST"",""date"",""idPlayers"",""parse"",""includes"",""push"",""stringify""]","[]"
"F581","bot","_0x2e1e09","FunctionExpression","Il2Cpp[""perform""] callback","3465","3467","[]","[]"
"F582","bot","_0x19bea8","FunctionExpression","Il2Cpp[""perform""] callback","3467","3499","[]","[]"
"F583","bot","setImmediate callback","FunctionExpression","_0x19bea8","3468","3498","[""/data/data/com.TeaM.Avatar/files"",""/minigame_in.json"",""/minigame_out.json"",""w"",""write"","""",""flush"",""close"",""stringify"",""sources"",""targets"","".tmp""]","[]"
"F584","bot","setInterval callback","FunctionExpression","setImmediate callback","3481","3492","[""r"",""readText"",""trim"",""close"",""parse"",""isArray""]","[]"
"F585","bot","setTimeout callback","FunctionExpression","setImmediate callback","3492","3494","[]","[]"
"F586","bot","setTimeout callback","ArrowFunctionExpression","Il2Cpp[""perform""] callback","3512","3526","[""LICENSE_KEY"",""STATUS"",""replace"","""",""floor"",""now"",""domain"",""assembly"",""UnityEngine.CoreModule"",""image"",""class"",""UnityEngine.Application"",""method"",""set_runInBackground"",""invoke""]","[""/\\D/g""]"
"F587","bot","_0x394b35[""sort""] callback","ArrowFunctionExpression","Il2Cpp[""perform""] callback","3533","3533","[""name"",""length""]","[]"
"F588","bot","_0x59afe4","ArrowFunctionExpression","Il2Cpp[""perform""] callback","3534","3552","[""field"",""avatar"",""value"",""isNull"",""IDDB"",""String"",""name"",""toString"",""USERNAME"",""BLACKLISTED_USERNAMES"",""parse"",""some""]","[]"
"F589","bot","_0x2ca76a[""some""] callback","ArrowFunctionExpression","_0x59afe4","3546","3546","[""includes""]","[]"
"F590","bot","_0x35fda9","ArrowFunctionExpression","Il2Cpp[""perform""] callback","3553","3566","[""field"",""instance"",""value"",""Object"",""method"",""pointerPressed"",""invoke"",""x"",""y""]","[]"
"F591","bot","setTimeout callback","ArrowFunctionExpression","_0x35fda9","3557","3560","[""method"",""pointerReleased"",""invoke"",""x"",""y""]","[]"
"F592","bot","setTimeout callback","ArrowFunctionExpression","_0x35fda9","3560","3563","[]","[]"
"F593","bot","_0x476835","ArrowFunctionExpression","Il2Cpp[""perform""] callback","3567","3570","[""x"",""y"",""now""]","[]"
"F594","bot","_0x5bb368","ArrowFunctionExpression","Il2Cpp[""perform""] callback","3571","3582","[""length"",""status"",""idFish"",""currentNum"",""requestNum""]","[]"
"F595","bot","_0x4f2777","ArrowFunctionExpression","Il2Cpp[""perform""] callback","3582","3636","[""method"",""gI"",""invoke"",""Object"",""doMenuOption""]","[]"
"F596","bot","setTimeout callback","ArrowFunctionExpression","_0x4f2777","3589","3630","[""perform"",""main""]","[]"
"F597","bot","Il2Cpp[""perform""] callback","ArrowFunctionExpression","setTimeout callback","3591","3629","[""method"",""gI"",""invoke"",""Object"",""close"",""length"",""status"",""idMap"",""isNull"",""field"",""cmdClose"",""value"",""perform"",""floor"",""random""]","[]"
"F598","bot","_0x5834a4","ArrowFunctionExpression","Il2Cpp[""perform""] callback","3636","3664","[""length"",""x"",""y"",""field"",""instance"",""value"",""isNull"",""method"",""pointerPressed"",""invoke"",""pointerReleased""]","[]"
"F599","bot","setTimeout callback","ArrowFunctionExpression","_0x5834a4","3651","3659","[""perform""]","[]"
"F600","bot","Il2Cpp[""perform""] callback","ArrowFunctionExpression","setTimeout callback","3653","3658","[]","[]"
"F601","bot","onEnter","ObjectMethod","TField.setText","3667","3879","[""onEnter"",""isNull"",""String"",""content"",""toLowerCase"",""trim"",""match"",""now"",""length"",""includes"",""Không tìm thấy id bản đồ. Cá rô: 14, Cá mập: 15, Cá lóc: 16, Bến tàu: 27"",""zoneon"",""zoneoff"",""faston"",""fastoff"",""queston"",""questoff"",""npcoff"",""Giờ này làm gì có chú cuội hả fen"",""Bạn đã nhận đủ quà rồi."",""method"",""gI"",""invoke"",""Object"",""field"",""cmdClose"",""value"",""perform"",""Mã món ăn không hợp lệ."",""Số lần phải từ 0 trở lên""]","[""/^farmkt(\\d+)ok$/"",""/^farm(\\d+)ok$/"",""/^gieohat(\\d+)ok$/"",""/^autofarm(\\d+)ok$/"",""/^npc(\\d+)ok$/"",""/^cook(\\d+)ok$/"",""/^cook(\\d+)off$/""]"
"F602","bot","setTimeout callback","ArrowFunctionExpression","TField.setText","3677","3686","[""perform"",""main""]","[]"
"F603","bot","Il2Cpp[""perform""] callback","ArrowFunctionExpression","TField.setText","3679","3685","[""OK sếp, lần chăm farm kế tiếp sau "","" phút""]","[]"
"F604","bot","setTimeout callback","ArrowFunctionExpression","TField.setText","3693","3702","[""perform"",""main""]","[]"
"F605","bot","Il2Cpp[""perform""] callback","ArrowFunctionExpression","TField.setText","3695","3701","[""OK sếp, chăm farm sau "","" phút""]","[]"
"F606","bot","setTimeout callback","ArrowFunctionExpression","TField.setText","3707","3716","[""perform"",""main""]","[]"
"F607","bot","Il2Cpp[""perform""] callback","ArrowFunctionExpression","TField.setText","3709","3715","[""OK sếp, đã đổi hạt giống thứ tự ""]","[]"
"F608","bot","setTimeout callback","ArrowFunctionExpression","TField.setText","3721","3744","[""perform"",""main""]","[]"
"F609","bot","Il2Cpp[""perform""] callback","ArrowFunctionExpression","TField.setText","3723","3743","[""OK sếp, bắt đầu chăm farm rồi đi câu cá."",""x"",""y"",""field"",""instance"",""value"",""isNull"",""method"",""pointerPressed"",""invoke"",""pointerReleased""]","[]"
"F610","bot","setTimeout callback","ArrowFunctionExpression","TField.setText","3728","3740","[""perform""]","[]"
"F611","bot","Il2Cpp[""perform""] callback","ArrowFunctionExpression","TField.setText","3729","3739","[""x"",""y""]","[]"
"F612","bot","setTimeout callback","ArrowFunctionExpression","TField.setText","3731","3736","[""perform""]","[]"
"F613","bot","Il2Cpp[""perform""] callback","ArrowFunctionExpression","TField.setText","3733","3735","[]","[]"
"F614","bot","setTimeout callback","ArrowFunctionExpression","TField.setText","3746","3754","[""perform"",""main""]","[]"
"F615","bot","Il2Cpp[""perform""] callback","ArrowFunctionExpression","TField.setText","3748","3753","[""Đã bật tự động chuyển khu thưa sếp.""]","[]"
"F616","bot","setTimeout callback","ArrowFunctionExpression","TField.setText","3755","3763","[""perform"",""main""]","[]"
"F617","bot","Il2Cpp[""perform""] callback","ArrowFunctionExpression","TField.setText","3757","3762","[""Đã tắt tự động chuyển khu thưa sếp.""]","[]"
"F618","bot","setTimeout callback","ArrowFunctionExpression","TField.setText","3764","3773","[""perform"",""main""]","[]"
"F619","bot","Il2Cpp[""perform""] callback","ArrowFunctionExpression","TField.setText","3766","3772","[""Đã bật auto siêu tốc thưa sếp.""]","[]"
"F620","bot","setTimeout callback","ArrowFunctionExpression","TField.setText","3774","3782","[""perform"",""main""]","[]"
"F621","bot","Il2Cpp[""perform""] callback","ArrowFunctionExpression","TField.setText","3776","3781","[""Đã tắt siêu tốc thưa sếp.""]","[]"
"F622","bot","setTimeout callback","ArrowFunctionExpression","TField.setText","3783","3791","[""perform"",""main""]","[]"
"F623","bot","Il2Cpp[""perform""] callback","ArrowFunctionExpression","TField.setText","3785","3790","[""Đã bật hoàn thành nhiệm vụ.""]","[]"
"F624","bot","setTimeout callback","ArrowFunctionExpression","TField.setText","3792","3801","[""perform"",""main""]","[]"
"F625","bot","Il2Cpp[""perform""] callback","ArrowFunctionExpression","TField.setText","3794","3800","[""Đã tắt hoàn thành nhiệm vụ.""]","[]"
"F626","bot","setTimeout callback","ArrowFunctionExpression","TField.setText","3802","3811","[""perform"",""main""]","[]"
"F627","bot","Il2Cpp[""perform""] callback","ArrowFunctionExpression","TField.setText","3804","3810","[""Đã tắt tìm npc.""]","[]"
"F628","bot","setTimeout callback","ArrowFunctionExpression","TField.setText","3838","3847","[""perform"",""main""]","[]"
"F629","bot","Il2Cpp[""perform""] callback","ArrowFunctionExpression","TField.setText","3840","3846","[""Đã đổi món ăn "","" thưa sếp.""]","[]"
"F630","bot","setTimeout callback","ArrowFunctionExpression","TField.setText","3856","3864","[""perform"",""main""]","[]"
"F631","bot","Il2Cpp[""perform""] callback","ArrowFunctionExpression","TField.setText","3858","3863","[""Đã tắt tự động nấu ăn.""]","[]"
"F632","bot","setTimeout callback","ArrowFunctionExpression","TField.setText","3864","3873","[""perform"",""main""]","[]"
"F633","bot","Il2Cpp[""perform""] callback","ArrowFunctionExpression","TField.setText","3866","3872","[""Tự động nấu ăn sẽ tắt sau "","" lần.""]","[]"
"F634","bot","_0x21db8b","ArrowFunctionExpression","Il2Cpp[""perform""] callback","3882","3895","[""field"",""playerLists"",""value"",""Object"",""method"",""size"",""invoke"",""elementAt"",""name"",""toString"",""trim"",""toLocaleLowerCase"",""includes"",""chú cuội"",""uncle cuoi""]","[]"
"F635","bot","_0x108c70","ArrowFunctionExpression","Il2Cpp[""perform""] callback","3897","3913","[]","[]"
"F636","bot","setInterval callback","ArrowFunctionExpression","_0x108c70","3899","3910","[""perform"",""main""]","[]"
"F637","bot","Il2Cpp[""perform""] callback","ArrowFunctionExpression","setInterval callback","3901","3909","[]","[]"
"F638","bot","onEnter","ObjectMethod","Canvas.addFlyText","3914","3921","[""onEnter"",""isNull"",""null"",""String"",""content""]","[]"
"F639","bot","onEnter","ObjectMethod","CustomTab.addd","3921","3932","[""onEnter"",""String"",""toString"",""toLocaleLowerCase"",""includes"",""fish mission"",""nhiệm vụ thợ câu""]","[]"
"F640","bot","onLeave","ObjectMethod","LoginScr.switchToMe","3932","3938","[""onLeave""]","[]"
"F641","bot","onLeave","ObjectMethod","ParkListSrc.switchToMe","3938","3954","[""onLeave"",""method"",""gI"",""invoke"",""Object"","".ctor"",""field"",""selected"",""value"",""setSelected""]","[]"
"F642","bot","_0x57ee7a","ArrowFunctionExpression","Il2Cpp[""perform""] callback","3955","3980","[""field"",""instance"",""value"",""isNull"",""Object"",""tfChat"",""method"",""showTF"",""invoke"",""string"",""setText"",""alloc"","".ctor"",""perform""]","[]"
"F643","bot","_0x2763b5","ArrowFunctionExpression","Il2Cpp[""perform""] callback","3980","4012","[]","[]"
"F644","bot","setTimeout callback","ArrowFunctionExpression","_0x2763b5","3981","4011","[""perform""]","[]"
"F645","bot","Il2Cpp[""perform""] callback","ArrowFunctionExpression","setTimeout callback","3984","4010","[""field"",""instance"",""value"",""Object"",""idShop""]","[]"
"F646","bot","setTimeout callback","ArrowFunctionExpression","Il2Cpp[""perform""] callback","3988","4006","[""perform""]","[]"
"F647","bot","Il2Cpp[""perform""] callback","ArrowFunctionExpression","setTimeout callback","3990","4005","[""method"",""gI"",""invoke"",""isNull"",""Object"",""doBuyItem""]","[]"
"F648","bot","_0x1df3df","ArrowFunctionExpression","Il2Cpp[""perform""] callback","4012","4035","[""isNull"",""field"",""wMap"",""value"",""Hmap"",""method"",""getTypeMap"",""invoke"",""push"",""x"",""y""]","[]"
"F649","bot","_0x234e45","ArrowFunctionExpression","Il2Cpp[""perform""] callback","4035","4116","[""length"",""no fishing spot"",""all seats failed"",""floor"",""random"",""min"",""invalid seat index"",""perform"",""outer error""]","[]"
"F650","bot","_0x7669c9","ArrowFunctionExpression","_0x234e45","4039","4042","[""""]","[]"
"F651","bot","Il2Cpp[""perform""] callback","ArrowFunctionExpression","_0x234e45","4057","4082","[""x"",""y"",""field"",""instance"",""value"",""isNull"",""Canvas null"",""Object"",""method"",""pointerPressed"",""invoke"",""pointerReleased"",""click error""]","[]"
"F652","bot","setTimeout callback","ArrowFunctionExpression","Il2Cpp[""perform""] callback","4068","4077","[""perform""]","[]"
"F653","bot","Il2Cpp[""perform""] callback","ArrowFunctionExpression","setTimeout callback","4070","4076","[""method"",""pointerPressed"",""invoke"",""x"",""y"",""pointerReleased""]","[]"
"F654","bot","setTimeout callback","ArrowFunctionExpression","_0x234e45","4082","4112","[""perform"",""main""]","[]"
"F655","bot","Il2Cpp[""perform""] callback","ArrowFunctionExpression","setTimeout callback","4084","4111","[""đã quăng câu"",""isFarming"",""isStopTakeSeat"",""method"",""gI"",""invoke"",""isNull"",""Object"",""field"",""cmdClose"",""value"",""perform"",""length"",""x"",""y"",""attempt finished"",""timeout error""]","[]"
"F656","bot","onEnter","ObjectMethod","LoadMap.update","4117","4138","[""onEnter"",""isNull"",""now"",""Object"",""method"",""doJoin"",""invoke"",""x"",""y""]","[]"
"F657","bot","onEnter","ObjectMethod","MapScr.onJoinPark","4138","4142","[""onEnter"",""toInt32"",""includes""]","[]"
"F658","bot","onLeave","ObjectMethod","MapScr.onJoinPark","4142","4200","[""onLeave""]","[]"
"F659","bot","setTimeout callback","ArrowFunctionExpression","MapScr.onJoinPark","4144","4197","[""perform""]","[]"
"F660","bot","Il2Cpp[""perform""] callback","ArrowFunctionExpression","MapScr.onJoinPark","4146","4196","[""includes"",""x"",""y"",""length"",""floor"",""random"",""field"",""instance"",""value"",""isNull"",""method"",""pointerPressed"",""invoke"",""pointerReleased""]","[]"
"F661","bot","setTimeout callback","ArrowFunctionExpression","MapScr.onJoinPark","4150","4156","[""perform""]","[]"
"F662","bot","Il2Cpp[""perform""] callback","ArrowFunctionExpression","MapScr.onJoinPark","4152","4155","[""field"",""instance"",""value"",""isNull"",""method"",""pointerPressed"",""invoke"",""x"",""y"",""pointerReleased"",""avatar""]","[]"
"F663","bot","setTimeout callback","ArrowFunctionExpression","MapScr.onJoinPark","4177","4190","[""perform""]","[]"
"F664","bot","Il2Cpp[""perform""] callback","ArrowFunctionExpression","MapScr.onJoinPark","4179","4189","[""x"",""y""]","[]"
"F665","bot","setTimeout callback","ArrowFunctionExpression","MapScr.onJoinPark","4181","4186","[""perform""]","[]"
"F666","bot","Il2Cpp[""perform""] callback","ArrowFunctionExpression","MapScr.onJoinPark","4183","4185","[]","[]"
"F667","bot","onEnter","ObjectMethod","LoadMap.addPopup","4200","4203","[""onEnter"",""push"",""x"",""toInt32"",""y""]","[]"
"F668","bot","onEnter","ObjectMethod","Canvas.startOKDlg","4203","4206","[""onEnter"",""str"",""String"",""content""]","[]"
"F669","bot","onLeave","ObjectMethod","Canvas.startOKDlg","4206","4232","[""onLeave"",""str"",""toLocaleLowerCase"",""includes"",""khu vực"",""this area"",""slow down"",""chầm chậm"",""vé"",""ticket"",""method"",""endDlg"",""invoke""]","[]"
"F670","bot","setTimeout callback","ArrowFunctionExpression","Canvas.startOKDlg","4213","4231","[""perform""]","[]"
"F671","bot","Il2Cpp[""perform""] callback","ArrowFunctionExpression","Canvas.startOKDlg","4214","4230","[""x"",""y""]","[]"
"F672","bot","onEnter","ObjectMethod","MsgDlg.setPosButton","4232","4284","[""onEnter"",""isNull"",""Object"",""field"",""str"",""value"",""String"",""content"",""toLocaleLowerCase"",""includes"",""use boraras bait"",""cần sử dụng mồi câu cá trâm"",""sử dụng mồi câu"",""need a bait"",""cần vé câu cá mập"",""need a shark ticket"",""cần vé câu cá lóc"",""need a snake head ticket"",""cần vé câu cá bến tàu"",""need a pier fishing ticket""]","[]"
"F673","bot","setTimeout callback","ArrowFunctionExpression","MsgDlg.setPosButton","4252","4282","[""perform""]","[]"
"F674","bot","Il2Cpp[""perform""] callback","ArrowFunctionExpression","MsgDlg.setPosButton","4254","4281","[""method"",""endDlg"",""invoke""]","[]"
"F675","bot","setTimeout callback","ArrowFunctionExpression","MsgDlg.setPosButton","4260","4280","[""perform""]","[]"
"F676","bot","Il2Cpp[""perform""] callback","ArrowFunctionExpression","MsgDlg.setPosButton","4262","4279","[""method"",""gI"",""invoke"",""isNull"",""Object"",""field"",""cmdClose"",""value"",""perform"",""includes""]","[]"
"F677","bot","setTimeout callback","ArrowFunctionExpression","MsgDlg.setPosButton","4269","4274","[""perform""]","[]"
"F678","bot","Il2Cpp[""perform""] callback","ArrowFunctionExpression","MsgDlg.setPosButton","4271","4273","[""x"",""y""]","[]"
"F679","bot","_0x28d3f9","ArrowFunctionExpression","Il2Cpp[""perform""] callback","4286","4309","[""method"",""gI"",""invoke"",""Object"",""close"",""getHandler"",""commandActionPointer"",""doJoinPark""]","[]"
"F680","bot","_0x500834","ArrowFunctionExpression","Il2Cpp[""perform""] callback","4309","4317","[""Object"",""field"",""instance"",""value"",""method"",""doExit"",""invoke"",""now""]","[]"
"F681","bot","onEnter","ObjectMethod","MapScr.joinCitymap","4318","4320","[""onEnter""]","[]"
"F682","bot","onLeave","ObjectMethod","MapScr.joinCitymap","4320","4344","[""onLeave"",""field"",""me"",""value"",""selected"",""method"",""gI"",""invoke"",""commandActionPointer"",""Object"",""instance"",""getHandler""]","[]"
"F683","bot","_0xec5551","ArrowFunctionExpression","Il2Cpp[""perform""] callback","4345","4359","[""Object"",""field"",""listItemFarm"",""value"",""method"",""size"",""invoke"",""instance"",""doBuyItem"",""elementAt"",""push"",""id"",""ID"",""number"",""map""]","[]"
"F684","bot","_0xef4611[""map""] callback","ArrowFunctionExpression","_0xec5551","4352","4358","[""findIndex"",""method"",""doBuyItem"",""invoke"",""id"",""price""]","[]"
"F685","bot","_0x209f98[""findIndex""] callback","ArrowFunctionExpression","_0xef4611[""map""] callback","4354","4354","[""id"",""number""]","[]"
"F686","bot","_0x403d54","ArrowFunctionExpression","Il2Cpp[""perform""] callback","4361","4374","[""x"",""y"",""field"",""instance"",""value"",""isNull"",""method"",""pointerPressed"",""invoke"",""pointerReleased""]","[]"
"F687","bot","setTimeout callback","ArrowFunctionExpression","_0x403d54","4366","4371","[""perform""]","[]"
"F688","bot","Il2Cpp[""perform""] callback","ArrowFunctionExpression","setTimeout callback","4368","4370","[]","[]"
"F689","bot","onEnter","ObjectMethod","CookingScr.switchToMe","4375","4400","[""onEnter"",""Object"",""field"",""listDetailCooking"",""value"",""method"",""gI"",""invoke"",""isNull"",""size"",""elementAt"",""time"",""id"",""doHarvestCook"",""doCooking"",""close""]","[]"
"F690","bot","_0x18ddcd","ArrowFunctionExpression","Il2Cpp[""perform""] callback","4401","4422","[""perform""]","[]"
"F691","bot","Il2Cpp[""perform""] callback","ArrowFunctionExpression","_0x18ddcd","4403","4421","[""length""]","[]"
"F692","bot","_0x32ccbf","ArrowFunctionExpression","Il2Cpp[""perform""] callback","4407","4419","[""length"",""perform""]","[]"
"F693","bot","Il2Cpp[""perform""] callback","ArrowFunctionExpression","_0x32ccbf","4411","4418","[""field"",""instance"",""value"",""isNull"",""Object"",""method"",""doPlantSeed"",""invoke""]","[]"
"F694","bot","_0xfcca0f","ArrowFunctionExpression","Il2Cpp[""perform""] callback","4422","4473","[""Object"",""field"",""cell"",""value"",""method"",""size"",""invoke"",""instance"",""idFarm"",""elementAt"",""statusTree"",""idTree"",""isWorm"",""setBonPhan"",""isGrass"",""doHervest"",""push"",""doUsingItem"",""doPlantSeed"",""gI"",""animalLists"",""listAnimalInfo"",""species"",""diedTime"",""priceProduct"",""harvestTime"",""getAnimalByIndex"",""isNull"",""bornTime"",""IDDB"",""doHarvestAnimal"",""requestTakeCareAnimal"",""findIndex"",""doSellAnimal"",""pointerPressed"",""pointerReleased"",""length""]","[]"
"F695","bot","_0x8ee63c[""findIndex""] callback","ArrowFunctionExpression","_0xfcca0f","4445","4445","[""species""]","[]"
"F696","bot","setTimeout callback","ArrowFunctionExpression","_0xfcca0f","4459","4465","[""perform""]","[]"
"F697","bot","Il2Cpp[""perform""] callback","ArrowFunctionExpression","setTimeout callback","4460","4464","[]","[]"
"F698","bot","_0x18ddcd callback","ArrowFunctionExpression","Il2Cpp[""perform""] callback","4461","4463","[]","[]"
"F699","bot","setTimeout callback","ArrowFunctionExpression","_0xfcca0f","4465","4469","[""perform""]","[]"
"F700","bot","Il2Cpp[""perform""] callback","ArrowFunctionExpression","setTimeout callback","4466","4468","[]","[]"
"F701","bot","onLeave","ObjectMethod","FarmScr.resizeMap","4474","4484","[""onLeave""]","[]"
"F702","bot","setTimeout callback","ArrowFunctionExpression","FarmScr.resizeMap","4476","4481","[""perform"",""main""]","[]"
"F703","bot","Il2Cpp[""perform""] callback","ArrowFunctionExpression","FarmScr.resizeMap","4478","4480","[]","[]"
"F704","bot","onLeave","ObjectMethod","FishingScr.onStartFishing","4484","4487","[""onLeave""]","[]"
"F705","bot","onEnter","ObjectMethod","FishingScr.doClose","4487","4489","[""onEnter""]","[]"
"F706","bot","onEnter","ObjectMethod","FishingScr.update","4489","4566","[""onEnter"",""Object"",""field"",""listKeyRecieve"",""value"",""listKeySend"",""isNull"",""method"",""size"",""invoke"",""hideIcon"",""now"",""cmdClose"",""perform"",""commandActionPointer"",""autocauca.io.vn"",""cmdQuanCau"",""cmdXong"",""length"",""setIndex""]","[]"
"F707","bot","onEnter","ObjectMethod","FishingScr.onCaCanCau","4569","4609","[""onEnter"",""toInt32"",""isNull"",""Array"",""length"",""get"",""push""]","[]"
"F708","bot","onEnter","ObjectMethod","FishingScr.onFinish","4609","4615","[""onEnter"",""incomingId"",""toInt32"",""value""]","[]"
"F709","bot","onLeave","ObjectMethod","FishingScr.onFinish","4615","4649","[""onLeave"",""incomingId"",""value""]","[]"
"F710","bot","setTimeout callback","ArrowFunctionExpression","FishingScr.onFinish","4620","4648","[""perform""]","[]"
"F711","bot","Il2Cpp[""perform""] callback","ArrowFunctionExpression","FishingScr.onFinish","4622","4647","[""value"",""field"",""instance"",""isNull"",""Object"",""method"",""pointerPressed"",""invoke""]","[]"
"F712","bot","setTimeout callback","ArrowFunctionExpression","FishingScr.onFinish","4630","4639","[""perform""]","[]"
"F713","bot","Il2Cpp[""perform""] callback","ArrowFunctionExpression","FishingScr.onFinish","4632","4638","[""method"",""pointerReleased"",""invoke""]","[]"
